time_s,yaw_raw,pitch_raw,roll_raw,yaw,pitch,roll,blink_l,blink_r,smile
1.128,-0.80,-9.37,-1.01,-0.80,-9.37,-1.01,0.046,0.051,0.000
1.327,-2.62,-7.69,-0.52,-2.62,-7.69,-0.52,0.140,0.076,0.000
1.355,-3.13,-8.45,-0.26,-3.13,-8.45,-0.26,0.128,0.077,0.000
1.390,-3.76,-8.46,-0.06,-3.76,-8.46,-0.06,0.132,0.082,0.000
1.426,-4.26,-8.31,0.14,-4.26,-8.31,0.14,0.142,0.075,0.000
1.446,-4.92,-7.92,0.23,-4.92,-7.92,0.23,0.153,0.065,0.000
1.480,-5.46,-7.65,-0.05,-5.46,-7.65,-0.05,0.145,0.066,0.000
1.515,-6.14,-7.44,-0.30,-6.14,-7.44,-0.30,0.143,0.074,0.000
1.536,-6.50,-7.47,-0.58,-6.50,-7.47,-0.58,0.137,0.077,0.000
1.566,-7.18,-8.13,-0.65,-7.18,-8.13,-0.65,0.129,0.077,0.000
1.595,-7.15,-8.32,-0.72,-7.15,-8.32,-0.72,0.130,0.082,0.000
1.643,-7.25,-8.63,-0.67,-7.25,-8.63,-0.67,0.130,0.083,0.000
1.673,-7.15,-8.59,-0.61,-7.15,-8.59,-0.61,0.133,0.082,0.000
1.693,-7.10,-8.57,-0.59,-7.10,-8.57,-0.59,0.135,0.081,0.000
1.715,-7.01,-8.57,-0.59,-7.01,-8.57,-0.59,0.134,0.084,0.000
1.737,-6.97,-8.77,-0.62,-6.97,-8.77,-0.62,0.133,0.086,0.000
1.804,-6.50,-8.44,-0.90,-6.50,-8.44,-0.90,0.128,0.070,0.000
1.835,-6.43,-8.39,-1.03,-6.43,-8.39,-1.03,0.115,0.068,0.000
1.865,-6.35,-8.09,-0.97,-6.35,-8.09,-0.97,0.107,0.064,0.000
1.899,-6.90,-7.61,-0.43,-6.90,-7.61,-0.43,0.106,0.049,0.000
1.943,-10.16,-7.48,-0.15,-10.16,-7.48,-0.15,0.113,0.067,0.001
1.978,-14.13,-6.96,0.01,-14.13,-6.96,0.01,0.143,0.091,0.000
1.997,-14.89,-7.16,0.22,-14.89,-7.16,0.22,0.147,0.097,0.001
2.020,-19.64,-7.12,0.96,-19.64,-7.12,0.96,0.184,0.121,0.000
2.040,-22.73,-7.48,1.60,-22.73,-7.48,1.60,0.217,0.136,0.003
2.072,-26.73,-8.07,2.60,-26.73,-8.07,2.60,0.221,0.127,0.001
2.107,-29.90,-8.51,3.59,-29.90,-8.51,3.59,0.244,0.118,0.001
2.140,-32.81,-10.27,4.64,-32.81,-10.27,4.64,0.229,0.126,0.000
2.200,-36.09,-11.07,6.43,-36.09,-11.07,6.43,0.172,0.110,0.000
2.237,-38.58,-11.99,7.36,-38.58,-11.99,7.36,0.176,0.164,0.000
2.283,-39.35,-11.68,7.68,-39.35,-11.68,7.68,0.162,0.155,0.000
2.315,-39.94,-12.12,7.85,-39.94,-12.12,7.85,0.171,0.169,0.000
2.334,-40.04,-12.36,8.27,-40.04,-12.36,8.27,0.174,0.185,0.000
2.368,-39.64,-12.16,8.35,-39.64,-12.16,8.35,0.171,0.201,0.000
2.406,-39.99,-12.29,8.74,-39.99,-12.29,8.74,0.179,0.206,0.000
2.425,-40.05,-12.72,9.07,-40.05,-12.72,9.07,0.179,0.213,0.000
2.459,-39.95,-12.77,9.41,-39.95,-12.77,9.41,0.187,0.211,0.000
2.481,-39.88,-12.72,9.26,-39.88,-12.72,9.26,0.185,0.211,0.000
2.515,-39.75,-12.76,9.32,-39.75,-12.76,9.32,0.186,0.204,0.000
2.537,-39.82,-13.05,9.68,-39.82,-13.05,9.68,0.193,0.222,0.000
2.617,-39.85,-12.78,9.45,-39.85,-12.78,9.45,0.183,0.201,0.000
2.636,-39.90,-12.68,9.33,-39.90,-12.68,9.33,0.181,0.194,0.000
2.666,-40.00,-12.72,9.41,-40.00,-12.72,9.41,0.187,0.189,0.000
2.698,-40.12,-12.66,9.31,-40.12,-12.66,9.31,0.194,0.188,0.000
2.732,-40.08,-12.72,9.40,-40.08,-12.72,9.40,0.192,0.184,0.000
2.765,-40.16,-12.68,9.42,-40.16,-12.68,9.42,0.194,0.189,0.000
2.799,-40.43,-12.44,9.30,-40.43,-12.44,9.30,0.196,0.181,0.000
2.819,-40.46,-12.40,9.40,-40.46,-12.40,9.40,0.198,0.178,0.000
2.842,-40.53,-12.60,9.55,-40.53,-12.60,9.55,0.199,0.177,0.000
2.892,-40.63,-12.62,9.37,-40.63,-12.62,9.37,0.191,0.187,0.000
2.925,-40.83,-12.70,9.43,-40.83,-12.70,9.43,0.200,0.191,0.000
2.959,-40.62,-12.76,9.45,-40.62,-12.76,9.45,0.204,0.191,0.000
2.992,-40.59,-12.70,9.44,-40.59,-12.70,9.44,0.209,0.194,0.000
3.018,-40.51,-12.66,9.35,-40.51,-12.66,9.35,0.208,0.195,0.000
3.049,-40.35,-12.55,9.26,-40.35,-12.55,9.26,0.208,0.197,0.000
3.083,-40.20,-12.56,9.19,-40.20,-12.56,9.19,0.201,0.198,0.000
3.113,-40.06,-12.43,9.07,-40.06,-12.43,9.07,0.194,0.199,0.000
3.145,-40.05,-12.42,9.00,-40.05,-12.42,9.00,0.188,0.200,0.000
3.192,-39.73,-12.79,8.90,-39.73,-12.79,8.90,0.174,0.217,0.000
3.224,-39.42,-12.77,8.79,-39.42,-12.77,8.79,0.167,0.224,0.000
3.259,-39.45,-12.95,8.75,-39.45,-12.95,8.75,0.162,0.217,0.000
3.292,-39.02,-13.02,8.70,-39.02,-13.02,8.70,0.157,0.223,0.000
3.326,-39.08,-13.02,8.68,-39.08,-13.02,8.68,0.156,0.223,0.000
3.354,-39.07,-12.97,8.71,-39.07,-12.97,8.71,0.157,0.225,0.000
3.387,-39.20,-13.04,8.81,-39.20,-13.04,8.81,0.158,0.218,0.000
3.417,-39.41,-13.24,9.09,-39.41,-13.24,9.09,0.159,0.210,0.000
3.451,-39.54,-12.91,8.81,-39.54,-12.91,8.81,0.148,0.219,0.000
3.496,-39.70,-13.13,9.25,-39.70,-13.13,9.25,0.146,0.210,0.000
3.530,-39.91,-12.91,8.99,-39.91,-12.91,8.99,0.144,0.232,0.000
3.562,-39.73,-12.82,9.12,-39.73,-12.82,9.12,0.146,0.226,0.000
3.592,-39.50,-12.81,9.15,-39.50,-12.81,9.15,0.145,0.227,0.000
3.626,-39.44,-12.64,9.09,-39.44,-12.64,9.09,0.148,0.231,0.000
3.659,-39.10,-12.46,9.06,-39.10,-12.46,9.06,0.145,0.220,0.000
3.688,-39.33,-12.57,9.02,-39.33,-12.57,9.02,0.153,0.207,0.000
3.723,-38.98,-13.14,9.24,-38.98,-13.14,9.24,0.157,0.198,0.000
3.757,-38.97,-12.33,8.29,-38.97,-12.33,8.29,0.139,0.132,0.000
3.803,-37.23,-12.24,6.69,-37.23,-12.24,6.69,0.106,0.090,0.000
3.836,-34.52,-11.11,6.33,-34.52,-11.11,6.33,0.109,0.063,0.000
3.864,-31.57,-10.36,5.39,-31.57,-10.36,5.39,0.118,0.062,0.001
3.897,-27.19,-9.44,4.32,-27.19,-9.44,4.32,0.104,0.031,0.000
3.928,-23.65,-7.04,2.61,-23.65,-7.04,2.61,0.104,0.035,0.000
3.964,-18.29,-6.17,1.87,-18.29,-6.17,1.87,0.129,0.063,0.000
3.994,-13.66,-6.68,1.60,-13.66,-6.68,1.60,0.135,0.060,0.000
4.024,-8.86,-7.42,1.58,-8.86,-7.42,1.58,0.131,0.071,0.000
4.057,-3.51,-5.77,1.76,-3.51,-5.77,1.76,0.139,0.082,0.000
4.089,1.29,-5.97,1.68,1.29,-5.97,1.68,0.137,0.110,0.000
4.139,9.09,-7.10,1.37,9.09,-7.10,1.37,0.124,0.091,0.000
4.159,8.76,-7.11,1.46,8.76,-7.11,1.46,0.139,0.101,0.000
4.202,17.06,-7.81,-0.20,17.06,-7.81,-0.20,0.124,0.132,0.000
4.234,20.93,-8.23,-0.56,20.93,-8.23,-0.56,0.128,0.173,0.000
4.265,23.61,-9.35,-1.00,23.61,-9.35,-1.00,0.127,0.201,0.000
4.298,26.25,-10.79,-2.16,26.25,-10.79,-2.16,0.168,0.214,0.000
4.332,26.16,-12.07,-2.31,26.16,-12.07,-2.31,0.184,0.204,0.000
4.360,26.52,-11.97,-2.53,26.52,-11.97,-2.53,0.191,0.212,0.000
4.395,26.76,-11.64,-2.18,26.76,-11.64,-2.18,0.173,0.182,0.000
4.441,26.56,-11.92,-2.26,26.56,-11.92,-2.26,0.155,0.174,0.000
4.474,26.46,-12.20,-2.49,26.46,-12.20,-2.49,0.154,0.153,0.000
4.508,26.36,-11.79,-2.38,26.36,-11.79,-2.38,0.157,0.153,0.000
4.542,26.46,-11.47,-2.23,26.46,-11.47,-2.23,0.163,0.147,0.000
4.561,26.60,-11.20,-2.19,26.60,-11.20,-2.19,0.161,0.146,0.000
4.604,26.81,-10.52,-2.14,26.81,-10.52,-2.14,0.150,0.161,0.000
4.635,26.38,-10.56,-2.33,26.38,-10.56,-2.33,0.148,0.175,0.000
4.671,26.07,-10.29,-2.16,26.07,-10.29,-2.16,0.141,0.173,0.000
4.697,25.84,-10.34,-2.28,25.84,-10.34,-2.28,0.145,0.178,0.000
4.745,25.65,-10.32,-2.23,25.65,-10.32,-2.23,0.142,0.169,0.000
4.778,25.52,-10.18,-2.28,25.52,-10.18,-2.28,0.139,0.164,0.000
4.799,25.48,-10.15,-2.31,25.48,-10.15,-2.31,0.138,0.162,0.000
4.835,25.36,-9.44,-2.11,25.36,-9.44,-2.11,0.137,0.155,0.000
4.869,25.24,-9.41,-2.24,25.24,-9.41,-2.24,0.137,0.153,0.000
4.903,25.11,-9.26,-2.31,25.11,-9.26,-2.31,0.130,0.155,0.000
4.938,24.89,-9.26,-2.28,24.89,-9.26,-2.28,0.128,0.159,0.000
4.972,24.22,-9.43,-2.17,24.22,-9.43,-2.17,0.123,0.161,0.000
5.003,23.74,-9.72,-2.10,23.74,-9.72,-2.10,0.127,0.165,0.000
5.052,23.47,-9.88,-2.03,23.47,-9.88,-2.03,0.137,0.179,0.000
5.082,23.37,-9.93,-2.00,23.37,-9.93,-2.00,0.135,0.174,0.000
5.116,23.08,-10.06,-1.95,23.08,-10.06,-1.95,0.138,0.171,0.000
5.150,23.13,-10.06,-1.86,23.13,-10.06,-1.86,0.137,0.163,0.000
5.168,22.96,-10.09,-1.84,22.96,-10.09,-1.84,0.138,0.158,0.000
5.203,22.82,-10.09,-1.76,22.82,-10.09,-1.76,0.137,0.148,0.000
5.223,22.59,-10.00,-1.73,22.59,-10.00,-1.73,0.136,0.148,0.000
5.257,22.42,-9.83,-1.60,22.42,-9.83,-1.60,0.138,0.151,0.000
5.291,22.27,-9.77,-1.59,22.27,-9.77,-1.59,0.135,0.146,0.000
5.326,22.00,-9.60,-1.48,22.00,-9.60,-1.48,0.139,0.147,0.000
5.354,21.88,-9.58,-1.54,21.88,-9.58,-1.54,0.135,0.142,0.000
5.384,21.46,-9.53,-1.66,21.46,-9.53,-1.66,0.132,0.141,0.000
5.417,21.05,-9.49,-1.80,21.05,-9.49,-1.80,0.126,0.145,0.000
5.451,20.75,-9.60,-2.01,20.75,-9.60,-2.01,0.122,0.150,0.000
5.480,20.57,-9.59,-2.14,20.57,-9.59,-2.14,0.121,0.156,0.000
5.511,20.56,-9.64,-2.23,20.56,-9.64,-2.23,0.119,0.146,0.000
5.545,20.56,-9.65,-2.28,20.56,-9.65,-2.28,0.120,0.152,0.000
5.576,20.56,-9.70,-2.31,20.56,-9.70,-2.31,0.120,0.155,0.000
5.608,20.49,-9.76,-2.33,20.49,-9.76,-2.33,0.122,0.161,0.000
5.656,20.51,-9.83,-2.37,20.51,-9.83,-2.37,0.122,0.165,0.000
5.692,20.48,-9.87,-2.38,20.48,-9.87,-2.38,0.123,0.163,0.000
5.723,20.40,-9.99,-2.43,20.40,-9.99,-2.43,0.123,0.162,0.000
5.754,20.37,-10.03,-2.50,20.37,-10.03,-2.50,0.121,0.159,0.000
5.785,20.31,-9.91,-2.48,20.31,-9.91,-2.48,0.122,0.159,0.000
5.818,20.16,-10.00,-2.48,20.16,-10.00,-2.48,0.124,0.158,0.000
5.850,20.15,-10.02,-2.50,20.15,-10.02,-2.50,0.125,0.160,0.000
5.881,19.81,-9.96,-2.59,19.81,-9.96,-2.59,0.126,0.167,0.000
5.914,19.31,-9.65,-2.53,19.31,-9.65,-2.53,0.135,0.173,0.000
5.960,18.59,-9.11,-2.41,18.59,-9.11,-2.41,0.134,0.181,0.000
5.993,17.95,-8.55,-2.62,17.95,-8.55,-2.62,0.131,0.202,0.000
6.026,16.51,-7.17,-2.21,16.51,-7.17,-2.21,0.174,0.227,0.000
6.057,13.32,-6.65,-2.10,13.32,-6.65,-2.10,0.218,0.235,0.000
6.088,7.78,-6.10,-2.15,7.78,-6.10,-2.15,0.210,0.211,0.000
6.122,2.76,-6.53,-1.73,2.76,-6.53,-1.73,0.215,0.173,0.000
6.151,-1.76,-7.87,-1.07,-1.76,-7.87,-1.07,0.217,0.135,0.000
6.186,-5.29,-8.09,-0.99,-5.29,-8.09,-0.99,0.202,0.118,0.000
6.218,-6.87,-9.28,-1.15,-6.87,-9.28,-1.15,0.202,0.100,0.000
6.249,-7.27,-9.54,-0.99,-7.27,-9.54,-0.99,0.195,0.097,0.000
6.296,-7.42,-9.32,-0.94,-7.42,-9.32,-0.94,0.194,0.102,0.000
6.330,-7.35,-9.36,-0.83,-7.35,-9.36,-0.83,0.181,0.087,0.000
6.361,-7.62,-9.16,-0.96,-7.62,-9.16,-0.96,0.167,0.073,0.000
6.392,-7.20,-9.21,-0.84,-7.20,-9.21,-0.84,0.154,0.072,0.000
6.425,-6.68,-8.50,-0.74,-6.68,-8.50,-0.74,0.114,0.051,0.000
6.457,-6.32,-7.91,-0.79,-6.32,-7.91,-0.79,0.111,0.060,0.000
6.488,-5.95,-7.55,-0.59,-5.95,-7.55,-0.59,0.140,0.082,0.000
6.520,-5.75,-7.29,-0.41,-5.75,-7.29,-0.41,0.159,0.118,0.000
6.555,-5.59,-7.23,-0.40,-5.59,-7.23,-0.40,0.160,0.121,0.000
6.601,-5.41,-7.33,-0.49,-5.41,-7.33,-0.49,0.159,0.120,0.000
6.632,-5.13,-7.21,-0.59,-5.13,-7.21,-0.59,0.163,0.124,0.000
6.665,-4.60,-7.00,-0.76,-4.60,-7.00,-0.76,0.162,0.123,0.000
6.699,-4.32,-6.86,-0.73,-4.32,-6.86,-0.73,0.173,0.131,0.000
6.730,-4.09,-6.88,-0.86,-4.09,-6.88,-0.86,0.172,0.134,0.000
6.763,-3.83,-6.88,-0.93,-3.83,-6.88,-0.93,0.172,0.139,0.000
6.793,-3.52,-6.77,-0.98,-3.52,-6.77,-0.98,0.175,0.140,0.000
6.826,-3.38,-6.81,-1.03,-3.38,-6.81,-1.03,0.180,0.139,0.000
6.857,-3.26,-6.68,-1.03,-3.26,-6.68,-1.03,0.180,0.139,0.000
6.905,-3.19,-6.63,-0.99,-3.19,-6.63,-0.99,0.179,0.135,0.000
6.937,-3.10,-6.76,-1.03,-3.10,-6.76,-1.03,0.187,0.134,0.000
6.955,-3.06,-6.80,-1.06,-3.06,-6.80,-1.06,0.191,0.134,0.000
7.000,-3.13,-7.57,-1.16,-3.13,-7.57,-1.16,0.575,0.545,0.000
7.035,-3.08,-7.58,-1.19,-3.08,-7.58,-1.19,0.593,0.598,0.000
7.066,-3.03,-7.49,-1.15,-3.03,-7.49,-1.15,0.541,0.554,0.000
7.096,-3.01,-7.35,-1.14,-3.01,-7.35,-1.14,0.487,0.502,0.000
7.129,-2.91,-7.23,-1.14,-2.91,-7.23,-1.14,0.375,0.364,0.000
7.161,-2.90,-7.10,-1.08,-2.90,-7.10,-1.08,0.284,0.275,0.000
7.211,-2.91,-7.17,-0.95,-2.91,-7.17,-0.95,0.294,0.271,0.000
7.243,-3.14,-7.43,-1.03,-3.14,-7.43,-1.03,0.552,0.448,0.000
7.262,-3.18,-7.54,-1.06,-3.18,-7.54,-1.06,0.613,0.491,0.000
7.296,-3.17,-7.63,-1.08,-3.17,-7.63,-1.08,0.629,0.524,0.000
7.315,-3.15,-7.58,-1.06,-3.15,-7.58,-1.06,0.621,0.521,0.000
7.337,-3.06,-7.45,-0.98,-3.06,-7.45,-0.98,0.525,0.423,0.000
7.402,-2.81,-7.00,-0.83,-2.81,-7.00,-0.83,0.265,0.203,0.000
7.430,-2.72,-6.96,-0.76,-2.72,-6.96,-0.76,0.206,0.154,0.000
7.462,-2.68,-6.88,-0.77,-2.68,-6.88,-0.77,0.167,0.109,0.000
7.512,-2.71,-6.52,-0.78,-2.71,-6.52,-0.78,0.154,0.084,0.000
7.543,-2.78,-6.39,-0.80,-2.78,-6.39,-0.80,0.143,0.079,0.000
7.561,-2.86,-6.37,-0.81,-2.86,-6.37,-0.81,0.138,0.078,0.000
7.581,-2.92,-6.40,-0.82,-2.92,-6.40,-0.82,0.132,0.075,0.000
7.607,-3.08,-6.29,-0.85,-3.08,-6.29,-0.85,0.119,0.070,0.000
7.638,-3.21,-6.21,-0.74,-3.21,-6.21,-0.74,0.109,0.067,0.000
7.670,-3.64,-5.73,-0.72,-3.64,-5.73,-0.72,0.109,0.065,0.000
7.707,-4.18,-5.68,-0.39,-4.18,-5.68,-0.39,0.117,0.051,0.000
7.732,-5.89,-6.10,0.06,-5.89,-6.10,0.06,0.132,0.048,0.000
7.816,-14.96,-6.30,2.66,-14.96,-6.30,2.66,0.183,0.076,0.000
7.847,-18.90,-6.60,3.50,-18.90,-6.60,3.50,0.211,0.061,0.000
7.865,-18.98,-6.85,3.76,-18.98,-6.85,3.76,0.239,0.066,0.000
7.880,-23.02,-9.24,5.24,-23.02,-9.24,5.24,0.232,0.079,0.000
7.910,-28.33,-10.55,6.88,-28.33,-10.55,6.88,0.213,0.072,0.000
7.942,-32.42,-10.03,8.69,-32.42,-10.03,8.69,0.211,0.086,0.000
7.976,-35.38,-10.13,9.82,-35.38,-10.13,9.82,0.162,0.087,0.000
8.006,-38.46,-13.17,13.20,-38.46,-13.17,13.20,0.140,0.103,0.000
8.041,-39.93,-14.41,15.20,-39.93,-14.41,15.20,0.129,0.166,0.000
8.072,-41.02,-15.03,16.83,-41.02,-15.03,16.83,0.162,0.203,0.000
8.118,-41.00,-14.58,17.20,-41.00,-14.58,17.20,0.184,0.246,0.000
8.150,-40.69,-14.20,17.91,-40.69,-14.20,17.91,0.208,0.212,0.000
8.182,-40.06,-14.03,17.77,-40.06,-14.03,17.77,0.174,0.184,0.000
8.215,-40.11,-12.12,15.85,-40.11,-12.12,15.85,0.161,0.180,0.000
8.246,-38.95,-8.93,13.49,-38.95,-8.93,13.49,0.229,0.177,0.000
8.279,-38.13,-6.15,11.46,-38.13,-6.15,11.46,0.260,0.130,0.000
8.310,-36.86,-4.84,10.67,-36.86,-4.84,10.67,0.234,0.117,0.000
8.342,-34.74,-3.37,10.76,-34.74,-3.37,10.76,0.234,0.079,0.000
8.376,-32.66,-3.42,10.71,-32.66,-3.42,10.71,0.254,0.090,0.000
8.405,-30.41,-3.12,10.67,-30.41,-3.12,10.67,0.228,0.083,0.000
8.454,-27.03,-2.03,10.16,-27.03,-2.03,10.16,0.194,0.091,0.000
8.486,-23.99,-1.36,9.71,-23.99,-1.36,9.71,0.188,0.089,0.000
8.517,-21.53,-1.61,9.69,-21.53,-1.61,9.69,0.203,0.087,0.000
8.550,-18.16,-1.34,9.35,-18.16,-1.34,9.35,0.223,0.078,0.000
8.583,-15.43,-0.98,8.27,-15.43,-0.98,8.27,0.299,0.118,0.000
8.613,-13.17,-1.89,7.94,-13.17,-1.89,7.94,0.413,0.210,0.000
8.646,-11.24,-2.62,7.60,-11.24,-2.62,7.60,0.338,0.223,0.000
8.679,-8.96,-3.78,7.07,-8.96,-3.78,7.07,0.313,0.207,0.000
8.716,-7.16,-3.62,6.58,-7.16,-3.62,6.58,0.273,0.162,0.000
8.760,-6.24,-3.48,6.36,-6.24,-3.48,6.36,0.246,0.172,0.000
8.789,-5.83,-3.66,5.88,-5.83,-3.66,5.88,0.222,0.163,0.000
8.823,-5.56,-4.14,5.57,-5.56,-4.14,5.57,0.227,0.165,0.000
8.854,-5.50,-4.65,5.24,-5.50,-4.65,5.24,0.234,0.165,0.000
8.888,-5.77,-4.72,4.82,-5.77,-4.72,4.82,0.254,0.177,0.000
8.919,-6.25,-4.51,3.91,-6.25,-4.51,3.91,0.266,0.230,0.000
8.950,-8.79,-3.73,3.46,-8.79,-3.73,3.46,0.212,0.233,0.000
8.985,-12.98,-4.18,4.31,-12.98,-4.18,4.31,0.204,0.213,0.000
9.016,-19.12,-6.43,5.96,-19.12,-6.43,5.96,0.199,0.176,0.000
9.066,-24.19,-9.49,8.07,-24.19,-9.49,8.07,0.190,0.126,0.000
9.093,-29.16,-10.84,9.16,-29.16,-10.84,9.16,0.191,0.103,0.000
9.127,-33.62,-10.71,10.71,-33.62,-10.71,10.71,0.181,0.082,0.000
9.159,-38.47,-13.25,12.85,-38.47,-13.25,12.85,0.144,0.094,0.000
9.192,-39.41,-12.83,13.16,-39.41,-12.83,13.16,0.149,0.114,0.000
9.221,-40.61,-12.90,13.73,-40.61,-12.90,13.73,0.171,0.120,0.000
9.256,-41.61,-15.01,14.97,-41.61,-15.01,14.97,0.187,0.176,0.000
9.286,-43.27,-14.93,15.13,-43.27,-14.93,15.13,0.159,0.227,0.000
9.319,-43.66,-15.05,15.50,-43.66,-15.05,15.50,0.162,0.217,0.001
9.369,-42.82,-14.51,15.62,-42.82,-14.51,15.62,0.147,0.223,0.001
9.401,-42.77,-15.10,16.02,-42.77,-15.10,16.02,0.150,0.199,0.001
9.429,-43.07,-15.25,16.20,-43.07,-15.25,16.20,0.140,0.180,0.002
9.463,-43.05,-15.26,16.61,-43.05,-15.26,16.61,0.152,0.167,0.002
9.495,-42.98,-15.19,16.58,-42.98,-15.19,16.58,0.136,0.170,0.001
9.526,-42.25,-15.41,16.50,-42.25,-15.41,16.50,0.141,0.174,0.001
9.563,-42.04,-15.21,16.23,-42.04,-15.21,16.23,0.137,0.178,0.001
9.590,-41.95,-15.12,16.17,-41.95,-15.12,16.17,0.135,0.173,0.001
9.623,-42.26,-14.76,15.84,-42.26,-14.76,15.84,0.133,0.175,0.001
9.670,-42.48,-14.51,15.89,-42.48,-14.51,15.89,0.138,0.170,0.001
9.703,-42.58,-13.58,15.11,-42.58,-13.58,15.11,0.135,0.165,0.001
9.719,-42.23,-12.92,14.81,-42.23,-12.92,14.81,0.148,0.170,0.001
9.738,-41.95,-12.47,14.54,-41.95,-12.47,14.54,0.176,0.173,0.000
9.799,-41.18,-12.19,14.19,-41.18,-12.19,14.19,0.202,0.177,0.000
9.830,-40.42,-11.75,13.87,-40.42,-11.75,13.87,0.206,0.175,0.001
9.861,-40.31,-11.83,13.93,-40.31,-11.83,13.93,0.211,0.174,0.000
9.898,-40.21,-12.07,14.27,-40.21,-12.07,14.27,0.214,0.171,0.000
9.925,-40.36,-12.25,14.30,-40.36,-12.25,14.30,0.204,0.165,0.000
9.973,-40.76,-12.68,14.22,-40.76,-12.68,14.22,0.195,0.173,0.001
10.006,-40.91,-13.86,14.84,-40.91,-13.86,14.84,0.202,0.175,0.001
10.024,-41.14,-13.98,14.84,-41.14,-13.98,14.84,0.196,0.177,0.001
10.040,-41.01,-13.64,14.52,-41.01,-13.64,14.52,0.188,0.180,0.001
10.070,-40.97,-13.15,14.14,-40.97,-13.15,14.14,0.189,0.182,0.001
10.101,-40.92,-13.10,14.07,-40.92,-13.10,14.07,0.194,0.181,0.001
10.132,-40.60,-12.46,13.63,-40.60,-12.46,13.63,0.191,0.187,0.001
10.197,-40.14,-12.27,13.34,-40.14,-12.27,13.34,0.210,0.179,0.001
10.231,-39.49,-11.97,13.21,-39.49,-11.97,13.21,0.224,0.156,0.001
10.277,-38.99,-11.91,12.98,-38.99,-11.91,12.98,0.237,0.161,0.000
10.309,-38.72,-11.97,13.06,-38.72,-11.97,13.06,0.236,0.157,0.000
10.326,-38.74,-11.97,13.01,-38.74,-11.97,13.01,0.239,0.160,0.000
10.345,-38.56,-11.55,12.63,-38.56,-11.55,12.63,0.229,0.149,0.000
10.373,-38.17,-11.20,11.99,-38.17,-11.20,11.99,0.229,0.150,0.000
10.408,-38.09,-11.35,11.99,-38.09,-11.35,11.99,0.219,0.155,0.000
10.438,-38.15,-11.76,12.21,-38.15,-11.76,12.21,0.209,0.163,0.000
10.469,-38.09,-12.06,12.69,-38.09,-12.06,12.69,0.195,0.154,0.000
10.503,-38.21,-12.20,12.82,-38.21,-12.20,12.82,0.185,0.140,0.000
10.534,-38.28,-12.38,12.72,-38.28,-12.38,12.72,0.181,0.136,0.000
10.614,-38.26,-12.61,13.00,-38.26,-12.61,13.00,0.222,0.137,0.000
10.649,-38.20,-12.68,13.01,-38.20,-12.68,13.01,0.224,0.146,0.000
10.665,-38.20,-12.68,13.01,-38.20,-12.68,13.01,0.230,0.146,0.000
10.683,-38.16,-12.99,13.16,-38.16,-12.99,13.16,0.235,0.144,0.000
10.709,-38.15,-13.25,13.24,-38.15,-13.25,13.24,0.240,0.143,0.000
10.744,-38.09,-13.33,13.31,-38.09,-13.33,13.31,0.246,0.136,0.000
10.774,-37.94,-13.59,13.48,-37.94,-13.59,13.48,0.256,0.129,0.000
10.805,-37.94,-13.64,13.48,-37.94,-13.64,13.48,0.244,0.130,0.000
10.838,-38.40,-13.13,13.10,-38.40,-13.13,13.10,0.226,0.125,0.000
10.871,-38.66,-13.24,12.89,-38.66,-13.24,12.89,0.238,0.128,0.000
10.916,-38.73,-13.21,12.89,-38.73,-13.21,12.89,0.235,0.127,0.000
10.950,-38.43,-12.99,12.56,-38.43,-12.99,12.56,0.227,0.129,0.000
10.982,-38.13,-12.66,12.27,-38.13,-12.66,12.27,0.226,0.130,0.000
11.013,-37.95,-12.46,12.10,-37.95,-12.46,12.10,0.235,0.134,0.000
11.046,-38.12,-12.49,12.18,-38.12,-12.49,12.18,0.238,0.132,0.000
11.079,-38.12,-12.83,12.33,-38.12,-12.83,12.33,0.239,0.132,0.000
11.110,-38.18,-12.98,12.40,-38.18,-12.98,12.40,0.238,0.125,0.000
11.142,-38.01,-12.67,12.13,-38.01,-12.67,12.13,0.228,0.129,0.000
11.174,-37.88,-12.63,12.05,-37.88,-12.63,12.05,0.221,0.123,0.000
11.221,-38.00,-12.51,12.03,-38.00,-12.51,12.03,0.225,0.126,0.000
11.253,-37.97,-12.50,12.02,-37.97,-12.50,12.02,0.237,0.127,0.000
11.287,-38.01,-12.55,12.02,-38.01,-12.55,12.02,0.237,0.127,0.000
11.318,-37.91,-12.52,12.00,-37.91,-12.52,12.00,0.234,0.126,0.000
11.350,-37.76,-12.61,12.09,-37.76,-12.61,12.09,0.230,0.116,0.000
11.382,-37.82,-12.61,12.14,-37.82,-12.61,12.14,0.221,0.113,0.000
11.416,-37.94,-12.61,11.92,-37.94,-12.61,11.92,0.219,0.116,0.001
11.445,-37.69,-12.40,11.71,-37.69,-12.40,11.71,0.208,0.114,0.000
11.478,-37.51,-12.25,11.64,-37.51,-12.25,11.64,0.200,0.112,0.000
11.527,-37.29,-12.20,11.55,-37.29,-12.20,11.55,0.191,0.107,0.000
11.557,-37.22,-12.24,11.59,-37.22,-12.24,11.59,0.190,0.103,0.000
11.590,-37.13,-11.97,11.48,-37.13,-11.97,11.48,0.189,0.101,0.000
11.621,-37.15,-12.05,11.44,-37.15,-12.05,11.44,0.188,0.099,0.000
11.654,-36.97,-11.98,11.38,-36.97,-11.98,11.38,0.189,0.101,0.000
11.685,-36.83,-11.95,11.35,-36.83,-11.95,11.35,0.190,0.103,0.000
11.719,-36.91,-11.70,11.29,-36.91,-11.70,11.29,0.187,0.104,0.000
11.755,-36.61,-11.59,11.25,-36.61,-11.59,11.25,0.184,0.100,0.000
11.783,-36.69,-11.34,11.07,-36.69,-11.34,11.07,0.180,0.099,0.000
11.830,-36.61,-11.33,10.99,-36.61,-11.33,10.99,0.177,0.098,0.000
11.863,-36.56,-11.68,10.99,-36.56,-11.68,10.99,0.176,0.100,0.000
11.894,-36.31,-11.57,10.91,-36.31,-11.57,10.91,0.180,0.102,0.000
11.927,-36.41,-11.57,10.89,-36.41,-11.57,10.89,0.179,0.101,0.000
11.957,-36.24,-11.60,10.79,-36.24,-11.60,10.79,0.179,0.104,0.000
11.990,-36.06,-11.46,10.72,-36.06,-11.46,10.72,0.183,0.104,0.000
12.022,-36.05,-11.50,10.77,-36.05,-11.50,10.77,0.188,0.103,0.000
12.054,-36.05,-11.47,10.53,-36.05,-11.47,10.53,0.193,0.111,0.000
12.089,-35.88,-11.44,10.35,-35.88,-11.44,10.35,0.199,0.115,0.000
12.134,-35.58,-11.42,10.06,-35.58,-11.42,10.06,0.200,0.123,0.000
12.168,-35.49,-11.40,10.12,-35.49,-11.40,10.12,0.200,0.125,0.000
12.198,-35.43,-11.20,10.07,-35.43,-11.20,10.07,0.209,0.129,0.000
12.229,-35.44,-11.18,9.93,-35.44,-11.18,9.93,0.211,0.132,0.000
12.261,-35.18,-11.08,10.12,-35.18,-11.08,10.12,0.203,0.119,0.000
12.294,-35.20,-11.01,10.28,-35.20,-11.01,10.28,0.217,0.121,0.000
12.326,-35.08,-10.91,10.14,-35.08,-10.91,10.14,0.197,0.112,0.000
12.358,-35.05,-10.97,10.22,-35.05,-10.97,10.22,0.192,0.095,0.000
12.391,-34.99,-10.76,10.10,-34.99,-10.76,10.10,0.189,0.092,0.000
12.424,-34.97,-10.65,10.08,-34.97,-10.65,10.08,0.188,0.090,0.000
12.471,-34.82,-10.33,9.92,-34.82,-10.33,9.92,0.191,0.092,0.000
12.482,-34.78,-10.27,9.91,-34.78,-10.27,9.91,0.192,0.093,0.000
12.502,-34.76,-10.23,9.89,-34.76,-10.23,9.89,0.194,0.095,0.000
12.534,-34.77,-10.12,9.79,-34.77,-10.12,9.79,0.195,0.097,0.000
12.600,-34.74,-10.14,9.83,-34.74,-10.14,9.83,0.201,0.098,0.000
12.630,-34.68,-10.18,9.84,-34.68,-10.18,9.84,0.204,0.102,0.000
12.662,-34.71,-10.37,9.91,-34.71,-10.37,9.91,0.213,0.112,0.000
12.694,-34.71,-10.41,10.07,-34.71,-10.41,10.07,0.223,0.120,0.000
12.724,-34.73,-10.47,9.95,-34.73,-10.47,9.95,0.226,0.130,0.000
12.776,-34.87,-10.72,10.17,-34.87,-10.72,10.17,0.238,0.129,0.000
12.807,-34.75,-10.50,10.06,-34.75,-10.50,10.06,0.237,0.129,0.000
12.832,-34.71,-10.52,10.04,-34.71,-10.52,10.04,0.236,0.130,0.000
12.849,-34.61,-10.39,9.97,-34.61,-10.39,9.97,0.235,0.130,0.000
12.869,-34.54,-10.34,9.91,-34.54,-10.34,9.91,0.231,0.133,0.000
12.902,-34.52,-10.29,9.85,-34.52,-10.29,9.85,0.235,0.132,0.000
12.933,-34.40,-10.18,9.80,-34.40,-10.18,9.80,0.237,0.129,0.000
13.000,-33.86,-9.70,9.50,-33.86,-9.70,9.50,0.251,0.120,0.000
13.033,-33.56,-9.30,9.24,-33.56,-9.30,9.24,0.242,0.122,0.000
13.083,-33.20,-9.18,9.25,-33.20,-9.18,9.25,0.238,0.119,0.000
13.117,-33.25,-9.21,9.14,-33.25,-9.21,9.14,0.237,0.120,0.000
13.135,-33.13,-9.26,9.16,-33.13,-9.26,9.16,0.237,0.120,0.000
13.153,-33.12,-9.34,9.18,-33.12,-9.34,9.18,0.236,0.120,0.000
13.174,-33.20,-9.36,9.13,-33.20,-9.36,9.13,0.235,0.118,0.000
13.207,-33.13,-9.34,9.22,-33.13,-9.34,9.22,0.233,0.114,0.000
13.238,-33.22,-9.49,9.29,-33.22,-9.49,9.29,0.230,0.114,0.000
13.269,-33.29,-9.79,9.48,-33.29,-9.79,9.48,0.235,0.111,0.000
13.301,-33.37,-9.73,9.41,-33.37,-9.73,9.41,0.234,0.112,0.000
13.334,-33.25,-9.73,9.47,-33.25,-9.73,9.47,0.234,0.108,0.000
13.414,-33.31,-9.83,9.29,-33.31,-9.83,9.29,0.233,0.119,0.000
13.433,-33.28,-9.80,9.30,-33.28,-9.80,9.30,0.230,0.119,0.000
13.451,-33.29,-9.79,9.27,-33.29,-9.79,9.27,0.231,0.119,0.000
13.477,-33.30,-9.79,9.28,-33.30,-9.79,9.28,0.229,0.118,0.000
13.511,-33.17,-9.80,9.30,-33.17,-9.80,9.30,0.223,0.114,0.000
13.541,-33.45,-9.82,9.06,-33.45,-9.82,9.06,0.224,0.121,0.000
13.573,-33.38,-9.82,9.13,-33.38,-9.82,9.13,0.216,0.120,0.000
13.607,-33.47,-9.79,9.15,-33.47,-9.79,9.15,0.211,0.117,0.000
13.638,-33.43,-9.72,9.14,-33.43,-9.72,9.14,0.209,0.116,0.000
13.687,-33.64,-9.80,9.17,-33.64,-9.80,9.17,0.211,0.116,0.000
13.719,-33.60,-9.82,9.20,-33.60,-9.82,9.20,0.208,0.115,0.000
13.750,-33.63,-9.83,9.22,-33.63,-9.83,9.22,0.207,0.113,0.000
13.784,-33.58,-9.85,9.28,-33.58,-9.85,9.28,0.207,0.112,0.000
13.814,-33.67,-9.89,9.29,-33.67,-9.89,9.29,0.208,0.110,0.000
13.847,-33.60,-9.90,9.31,-33.60,-9.90,9.31,0.209,0.108,0.000
13.879,-33.60,-9.90,9.30,-33.60,-9.90,9.30,0.209,0.111,0.000
13.911,-33.56,-9.93,9.36,-33.56,-9.93,9.36,0.209,0.111,0.000
13.943,-33.62,-9.96,9.42,-33.62,-9.96,9.42,0.208,0.110,0.000
13.990,-33.66,-9.94,9.31,-33.66,-9.94,9.31,0.205,0.108,0.000
14.022,-33.60,-9.92,9.12,-33.60,-9.92,9.12,0.205,0.099,0.000
14.054,-32.35,-8.77,8.61,-32.35,-8.77,8.61,0.178,0.075,0.000
14.087,-29.76,-8.20,7.78,-29.76,-8.20,7.78,0.170,0.043,0.000
14.121,-26.71,-7.36,6.86,-26.71,-7.36,6.86,0.158,0.034,0.000
14.151,-22.09,-4.91,4.04,-22.09,-4.91,4.04,0.180,0.056,0.000
14.183,-16.68,-6.11,3.85,-16.68,-6.11,3.85,0.215,0.069,0.000
14.215,-10.38,-4.92,3.07,-10.38,-4.92,3.07,0.199,0.088,0.000
14.247,-4.39,-7.03,2.55,-4.39,-7.03,2.55,0.185,0.061,0.001
14.294,5.29,-7.56,1.28,5.29,-7.56,1.28,0.203,0.099,0.000
14.327,13.37,-7.84,0.21,13.37,-7.84,0.21,0.195,0.106,0.000
14.358,20.45,-8.93,-1.74,20.45,-8.93,-1.74,0.158,0.148,0.000
14.391,24.13,-10.97,-4.00,24.13,-10.97,-4.00,0.155,0.173,0.000
14.422,26.85,-13.43,-6.16,26.85,-13.43,-6.16,0.219,0.099,0.000
14.457,28.26,-13.98,-7.49,28.26,-13.98,-7.49,0.250,0.051,0.000
14.486,29.29,-11.55,-8.15,29.29,-11.55,-8.15,0.316,0.048,0.000
14.518,30.68,-11.39,-9.27,30.68,-11.39,-9.27,0.260,0.022,0.000
14.551,31.58,-13.26,-11.64,31.58,-13.26,-11.64,0.277,0.013,0.000
14.583,32.92,-13.13,-11.45,32.92,-13.13,-11.45,0.305,0.014,0.000
14.631,32.03,-12.95,-11.34,32.03,-12.95,-11.34,0.306,0.017,0.000
14.662,31.74,-13.48,-12.21,31.74,-13.48,-12.21,0.391,0.016,0.000
14.695,32.31,-13.45,-11.80,32.31,-13.45,-11.80,0.447,0.029,0.000
14.726,32.60,-12.59,-11.90,32.60,-12.59,-11.90,0.408,0.034,0.000
14.759,32.27,-12.73,-11.73,32.27,-12.73,-11.73,0.434,0.052,0.000
14.792,32.43,-12.47,-11.64,32.43,-12.47,-11.64,0.390,0.054,0.000
14.822,31.91,-12.18,-11.39,31.91,-12.18,-11.39,0.387,0.066,0.000
14.854,32.14,-12.07,-11.56,32.14,-12.07,-11.56,0.361,0.066,0.000
14.887,31.97,-12.32,-11.90,31.97,-12.32,-11.90,0.326,0.077,0.000
14.934,31.65,-12.32,-12.43,31.65,-12.32,-12.43,0.360,0.083,0.000
14.968,31.74,-12.36,-12.86,31.74,-12.36,-12.86,0.409,0.081,0.000
14.999,31.94,-12.20,-13.30,31.94,-12.20,-13.30,0.414,0.084,0.000
15.030,31.79,-12.20,-13.25,31.79,-12.20,-13.25,0.406,0.083,0.000
15.063,31.17,-12.43,-13.32,31.17,-12.43,-13.32,0.404,0.082,0.000
15.094,31.41,-12.74,-13.82,31.41,-12.74,-13.82,0.401,0.088,0.000
15.129,31.48,-12.17,-13.34,31.48,-12.17,-13.34,0.420,0.093,0.000
15.159,31.13,-11.98,-13.16,31.13,-11.98,-13.16,0.429,0.098,0.000
15.193,30.61,-12.44,-13.30,30.61,-12.44,-13.30,0.418,0.097,0.000
15.238,30.90,-12.67,-13.60,30.90,-12.67,-13.60,0.448,0.106,0.000
15.270,30.88,-12.63,-13.46,30.88,-12.63,-13.46,0.441,0.105,0.000
15.288,30.82,-12.66,-13.43,30.82,-12.66,-13.43,0.437,0.103,0.000
15.306,30.29,-12.68,-13.47,30.29,-12.68,-13.47,0.431,0.098,0.000
15.335,30.34,-12.67,-13.56,30.34,-12.67,-13.56,0.415,0.102,0.000
15.400,30.36,-12.71,-13.66,30.36,-12.71,-13.66,0.381,0.100,0.000
15.431,30.58,-12.40,-13.88,30.58,-12.40,-13.88,0.354,0.093,0.000
15.465,30.97,-12.90,-14.50,30.97,-12.90,-14.50,0.371,0.082,0.000
15.494,30.85,-12.67,-14.72,30.85,-12.67,-14.72,0.361,0.082,0.000
15.543,30.98,-12.59,-14.66,30.98,-12.59,-14.66,0.353,0.075,0.000
15.575,31.69,-12.78,-14.84,31.69,-12.78,-14.84,0.372,0.069,0.000
15.597,31.59,-12.76,-14.98,31.59,-12.76,-14.98,0.365,0.066,0.000
15.615,31.52,-12.72,-14.85,31.52,-12.72,-14.85,0.369,0.063,0.000
15.639,31.78,-12.80,-15.09,31.78,-12.80,-15.09,0.370,0.058,0.000
15.671,31.39,-12.51,-15.31,31.39,-12.51,-15.31,0.357,0.056,0.000
15.703,31.75,-12.73,-15.40,31.75,-12.73,-15.40,0.371,0.056,0.000
15.736,31.30,-12.34,-15.70,31.30,-12.34,-15.70,0.366,0.049,0.000
15.806,32.22,-13.19,-16.61,32.22,-13.19,-16.61,0.396,0.035,0.000
15.848,32.35,-12.99,-16.21,32.35,-12.99,-16.21,0.388,0.028,0.000
15.880,32.48,-13.32,-16.22,32.48,-13.32,-16.22,0.362,0.023,0.000
15.898,32.73,-13.56,-16.32,32.73,-13.56,-16.32,0.351,0.020,0.000
15.917,32.74,-13.68,-16.37,32.74,-13.68,-16.37,0.351,0.020,0.000
15.943,32.79,-13.75,-16.47,32.79,-13.75,-16.47,0.349,0.019,0.000
15.975,32.68,-13.67,-16.65,32.68,-13.67,-16.65,0.321,0.015,0.000
16.007,32.48,-14.11,-16.85,32.48,-14.11,-16.85,0.322,0.013,0.000
16.039,32.37,-14.10,-17.16,32.37,-14.10,-17.16,0.295,0.011,0.000
16.070,32.58,-13.97,-17.23,32.58,-13.97,-17.23,0.297,0.012,0.000
16.102,33.19,-13.22,-16.89,33.19,-13.22,-16.89,0.447,0.098,0.000
16.153,32.93,-12.33,-16.05,32.93,-12.33,-16.05,0.573,0.174,0.000
16.183,32.56,-12.25,-15.56,32.56,-12.25,-15.56,0.576,0.193,0.000
16.215,32.24,-12.24,-15.01,32.24,-12.24,-15.01,0.564,0.188,0.000
16.248,30.90,-12.61,-14.80,30.90,-12.61,-14.80,0.540,0.235,0.000
16.280,30.65,-12.97,-14.72,30.65,-12.97,-14.72,0.500,0.202,0.000
16.310,30.22,-13.39,-14.56,30.22,-13.39,-14.56,0.490,0.182,0.000
16.341,30.01,-13.38,-14.51,30.01,-13.38,-14.51,0.486,0.185,0.000
16.373,29.80,-13.29,-14.50,29.80,-13.29,-14.50,0.458,0.180,0.000
16.406,29.79,-13.50,-14.65,29.79,-13.50,-14.65,0.455,0.169,0.000
16.453,29.86,-13.44,-14.57,29.86,-13.44,-14.57,0.461,0.160,0.000
16.488,29.98,-13.44,-14.76,29.98,-13.44,-14.76,0.457,0.152,0.000
16.519,29.95,-13.32,-14.73,29.95,-13.32,-14.73,0.464,0.138,0.000
16.551,29.76,-13.07,-14.65,29.76,-13.07,-14.65,0.478,0.140,0.000
16.583,29.78,-13.16,-14.80,29.78,-13.16,-14.80,0.483,0.138,0.000
16.614,29.78,-13.21,-14.82,29.78,-13.21,-14.82,0.483,0.135,0.000
16.646,29.93,-13.50,-15.07,29.93,-13.50,-15.07,0.471,0.116,0.000
16.678,29.81,-13.54,-15.54,29.81,-13.54,-15.54,0.466,0.086,0.000
16.710,29.53,-14.57,-16.51,29.53,-14.57,-16.51,0.461,0.052,0.000
16.743,29.69,-15.40,-17.03,29.69,-15.40,-17.03,0.451,0.029,0.000
16.792,29.79,-16.26,-17.49,29.79,-16.26,-17.49,0.425,0.023,0.000
16.823,30.29,-16.12,-17.33,30.29,-16.12,-17.33,0.433,0.026,0.000
16.854,30.37,-16.11,-17.49,30.37,-16.11,-17.49,0.423,0.019,0.000
16.886,30.49,-15.93,-17.30,30.49,-15.93,-17.30,0.409,0.019,0.000
16.919,30.72,-15.85,-17.39,30.72,-15.85,-17.39,0.365,0.015,0.000
16.952,31.02,-15.94,-17.54,31.02,-15.94,-17.54,0.350,0.015,0.000
16.982,31.08,-15.80,-17.52,31.08,-15.80,-17.52,0.352,0.016,0.000
17.015,30.69,-15.99,-17.66,30.69,-15.99,-17.66,0.342,0.016,0.000
17.046,30.68,-15.98,-17.60,30.68,-15.98,-17.60,0.349,0.017,0.000
17.092,30.31,-15.83,-17.57,30.31,-15.83,-17.57,0.339,0.017,0.000
17.126,30.37,-15.81,-17.46,30.37,-15.81,-17.46,0.341,0.017,0.000
17.159,30.28,-16.06,-17.59,30.28,-16.06,-17.59,0.342,0.017,0.000
17.189,30.45,-16.04,-17.57,30.45,-16.04,-17.57,0.335,0.019,0.000
17.221,30.50,-16.25,-17.55,30.50,-16.25,-17.55,0.333,0.018,0.000
17.253,30.56,-16.16,-17.53,30.56,-16.16,-17.53,0.330,0.017,0.000
17.284,30.52,-16.16,-17.48,30.52,-16.16,-17.48,0.332,0.017,0.000
17.317,30.50,-16.18,-17.59,30.50,-16.18,-17.59,0.354,0.017,0.000
17.350,30.55,-16.14,-17.68,30.55,-16.14,-17.68,0.364,0.017,0.000
17.396,30.56,-16.21,-17.80,30.56,-16.21,-17.80,0.365,0.017,0.000
17.430,30.66,-16.16,-17.75,30.66,-16.16,-17.75,0.367,0.018,0.000
17.463,30.49,-16.21,-17.76,30.49,-16.21,-17.76,0.366,0.017,0.000
17.498,30.51,-16.10,-17.72,30.51,-16.10,-17.72,0.356,0.017,0.000
17.526,30.52,-16.08,-17.66,30.52,-16.08,-17.66,0.357,0.015,0.000
17.560,30.42,-16.02,-17.53,30.42,-16.02,-17.53,0.353,0.015,0.000
17.588,30.55,-15.83,-17.18,30.55,-15.83,-17.18,0.343,0.016,0.000
17.620,30.42,-15.90,-17.14,30.42,-15.90,-17.14,0.333,0.016,0.000
17.653,30.54,-16.06,-16.97,30.54,-16.06,-16.97,0.313,0.017,0.000
17.702,30.13,-15.96,-16.77,30.13,-15.96,-16.77,0.310,0.018,0.000
17.734,30.10,-16.19,-16.80,30.10,-16.19,-16.80,0.323,0.019,0.000
17.769,30.21,-16.28,-16.95,30.21,-16.28,-16.95,0.328,0.019,0.000
17.799,30.12,-16.32,-17.00,30.12,-16.32,-17.00,0.335,0.021,0.000
17.834,30.29,-16.11,-16.83,30.29,-16.11,-16.83,0.342,0.022,0.000
17.861,30.40,-16.37,-16.84,30.40,-16.37,-16.84,0.353,0.022,0.000
17.894,30.43,-16.42,-16.82,30.43,-16.42,-16.82,0.359,0.022,0.000
17.926,30.39,-16.66,-16.79,30.39,-16.66,-16.79,0.366,0.020,0.000
17.957,30.72,-16.70,-16.87,30.72,-16.70,-16.87,0.368,0.021,0.000
18.007,30.72,-16.59,-16.87,30.72,-16.59,-16.87,0.371,0.020,0.000
18.038,30.54,-16.58,-16.33,30.54,-16.58,-16.33,0.323,0.014,0.000
18.056,30.42,-16.43,-16.13,30.42,-16.43,-16.13,0.314,0.012,0.000
18.074,30.09,-15.96,-15.61,30.09,-15.96,-15.61,0.322,0.014,0.000
18.101,28.94,-15.62,-14.32,28.94,-15.62,-14.32,0.364,0.022,0.000
18.134,28.03,-14.86,-12.54,28.03,-14.86,-12.54,0.346,0.060,0.000
18.199,23.21,-13.64,-10.74,23.21,-13.64,-10.74,0.214,0.101,0.000
18.230,20.34,-12.70,-9.22,20.34,-12.70,-9.22,0.129,0.097,0.000
18.262,17.59,-11.96,-7.71,17.59,-11.96,-7.71,0.109,0.106,0.000
18.309,15.06,-11.83,-6.69,15.06,-11.83,-6.69,0.134,0.099,0.000
18.342,12.46,-11.34,-4.79,12.46,-11.34,-4.79,0.142,0.108,0.000
18.360,12.31,-11.45,-4.79,12.31,-11.45,-4.79,0.159,0.104,0.000
18.380,9.73,-9.95,-3.45,9.73,-9.95,-3.45,0.160,0.104,0.000
18.406,6.10,-9.48,-2.24,6.10,-9.48,-2.24,0.142,0.094,0.000
18.438,3.61,-8.73,-1.33,3.61,-8.73,-1.33,0.103,0.083,0.000
18.469,1.19,-8.78,-0.51,1.19,-8.78,-0.51,0.152,0.084,0.000
18.504,-1.69,-9.37,0.54,-1.69,-9.37,0.54,0.110,0.054,0.000
18.533,-2.92,-8.98,1.00,-2.92,-8.98,1.00,0.125,0.062,0.000
18.615,-5.30,-9.34,1.34,-5.30,-9.34,1.34,0.143,0.069,0.000
18.646,-5.93,-9.30,1.41,-5.93,-9.30,1.41,0.139,0.071,0.000
18.664,-5.90,-9.18,1.46,-5.90,-9.18,1.46,0.141,0.075,0.000
18.681,-6.05,-8.83,1.61,-6.05,-8.83,1.61,0.143,0.075,0.000
18.709,-6.36,-8.72,1.80,-6.36,-8.72,1.80,0.134,0.073,0.000
18.742,-6.41,-9.00,2.00,-6.41,-9.00,2.00,0.117,0.068,0.000
18.774,-6.59,-9.11,1.99,-6.59,-9.11,1.99,0.107,0.066,0.000
18.805,-6.66,-9.01,1.97,-6.66,-9.01,1.97,0.104,0.067,0.000
18.841,-6.71,-9.07,1.98,-6.71,-9.07,1.98,0.099,0.063,0.000
18.871,-6.80,-9.09,2.04,-6.80,-9.09,2.04,0.093,0.061,0.000
18.902,-6.75,-9.21,2.03,-6.75,-9.21,2.03,0.093,0.059,0.000
18.950,-6.82,-9.39,2.02,-6.82,-9.39,2.02,0.095,0.062,0.000
18.982,-6.90,-9.38,1.94,-6.90,-9.38,1.94,0.093,0.063,0.000
19.014,-6.93,-9.36,1.92,-6.93,-9.36,1.92,0.092,0.065,0.000
19.046,-6.90,-9.39,1.88,-6.90,-9.39,1.88,0.093,0.068,0.000
19.079,-6.87,-9.38,1.89,-6.87,-9.38,1.89,0.094,0.067,0.000
19.109,-6.90,-9.35,1.91,-6.90,-9.35,1.91,0.094,0.068,0.000
19.141,-6.93,-9.35,1.95,-6.93,-9.35,1.95,0.093,0.069,0.000
19.176,-6.95,-9.35,1.86,-6.95,-9.35,1.86,0.124,0.079,0.000
19.205,-6.98,-9.49,1.59,-6.98,-9.49,1.59,0.168,0.093,0.000
19.254,-6.86,-9.45,1.29,-6.86,-9.45,1.29,0.210,0.105,0.000
19.287,-6.72,-9.32,1.13,-6.72,-9.32,1.13,0.204,0.108,0.000
19.317,-6.72,-9.26,0.98,-6.72,-9.26,0.98,0.202,0.116,0.000
19.352,-6.54,-9.19,0.76,-6.54,-9.19,0.76,0.188,0.114,0.000
19.382,-6.24,-8.99,0.63,-6.24,-8.99,0.63,0.189,0.120,0.000
19.415,-6.09,-8.84,0.44,-6.09,-8.84,0.44,0.192,0.122,0.000
19.446,-5.82,-8.56,0.27,-5.82,-8.56,0.27,0.199,0.125,0.000
19.478,-5.32,-8.06,0.17,-5.32,-8.06,0.17,0.186,0.118,0.000
19.513,-4.92,-8.28,-0.03,-4.92,-8.28,-0.03,0.181,0.117,0.000
19.558,-4.48,-8.06,-0.24,-4.48,-8.06,-0.24,0.180,0.119,0.000
19.590,-3.87,-7.79,-0.30,-3.87,-7.79,-0.30,0.175,0.118,0.000
19.622,-3.08,-7.49,-0.40,-3.08,-7.49,-0.40,0.170,0.120,0.000
19.653,-2.61,-6.94,-0.49,-2.61,-6.94,-0.49,0.162,0.116,0.000
19.687,-2.17,-6.75,-0.64,-2.17,-6.75,-0.64,0.154,0.114,0.000
19.719,-2.00,-6.94,-0.82,-2.00,-6.94,-0.82,0.146,0.119,0.000
19.751,-1.70,-6.95,-0.96,-1.70,-6.95,-0.96,0.157,0.125,0.000
19.781,-1.70,-6.96,-1.10,-1.70,-6.96,-1.10,0.160,0.129,0.000
19.814,-1.59,-6.86,-1.16,-1.59,-6.86,-1.16,0.171,0.138,0.000
19.864,-1.46,-6.79,-1.20,-1.46,-6.79,-1.20,0.176,0.143,0.000
19.894,-1.33,-6.68,-1.31,-1.33,-6.68,-1.31,0.172,0.151,0.000
19.926,-0.96,-6.53,-1.51,-0.96,-6.53,-1.51,0.161,0.144,0.000
19.958,-0.72,-6.35,-1.50,-0.72,-6.35,-1.50,0.152,0.131,0.000
19.989,-0.27,-6.04,-1.49,-0.27,-6.04,-1.49,0.148,0.128,0.000
20.023,0.46,-6.39,-1.54,0.46,-6.39,-1.54,0.142,0.122,0.000
20.055,1.02,-6.42,-1.73,1.02,-6.42,-1.73,0.131,0.111,0.000
20.085,1.46,-6.57,-1.88,1.46,-6.57,-1.88,0.123,0.107,0.000
20.118,1.67,-6.54,-1.93,1.67,-6.54,-1.93,0.119,0.105,0.000
20.168,1.80,-6.41,-2.05,1.80,-6.41,-2.05,0.117,0.107,0.000
20.201,2.03,-6.26,-2.17,2.03,-6.26,-2.17,0.113,0.105,0.000
20.230,2.07,-6.21,-2.23,2.07,-6.21,-2.23,0.112,0.105,0.000
20.262,2.27,-6.20,-2.35,2.27,-6.20,-2.35,0.113,0.104,0.000
20.293,2.44,-6.11,-2.42,2.44,-6.11,-2.42,0.116,0.106,0.000
20.325,2.64,-5.99,-2.39,2.64,-5.99,-2.39,0.115,0.108,0.000
20.359,2.73,-5.89,-2.42,2.73,-5.89,-2.42,0.119,0.114,0.000
20.389,2.92,-5.76,-2.52,2.92,-5.76,-2.52,0.118,0.114,0.000
20.421,2.99,-5.73,-2.51,2.99,-5.73,-2.51,0.118,0.115,0.000
20.469,2.97,-5.70,-2.57,2.97,-5.70,-2.57,0.116,0.114,0.000
20.501,3.02,-5.59,-2.53,3.02,-5.59,-2.53,0.117,0.114,0.000
20.519,3.05,-5.53,-2.51,3.05,-5.53,-2.51,0.118,0.114,0.000
20.567,3.08,-5.53,-2.54,3.08,-5.53,-2.54,0.119,0.113,0.000
20.598,3.15,-5.55,-2.55,3.15,-5.55,-2.55,0.119,0.110,0.000
20.631,3.14,-5.56,-2.59,3.14,-5.56,-2.59,0.120,0.108,0.000
20.664,3.18,-5.58,-2.59,3.18,-5.58,-2.59,0.121,0.109,0.000
20.694,3.19,-5.58,-2.60,3.19,-5.58,-2.60,0.120,0.107,0.000
20.726,3.21,-5.59,-2.62,3.21,-5.59,-2.62,0.120,0.105,0.000
20.757,3.20,-5.54,-2.62,3.20,-5.54,-2.62,0.120,0.105,0.000
20.806,3.19,-5.55,-2.62,3.19,-5.55,-2.62,0.119,0.102,0.000
20.831,3.19,-5.55,-2.62,3.19,-5.55,-2.62,0.118,0.101,0.000
20.849,3.20,-5.56,-2.62,3.20,-5.56,-2.62,0.119,0.102,0.000
20.873,3.19,-5.56,-2.63,3.19,-5.56,-2.63,0.119,0.103,0.000
20.902,3.20,-5.57,-2.64,3.20,-5.57,-2.64,0.119,0.103,0.000
20.935,3.24,-5.56,-2.65,3.24,-5.56,-2.65,0.121,0.106,0.000
20.999,3.30,-5.59,-2.65,3.30,-5.59,-2.65,0.123,0.105,0.000
21.030,3.41,-5.67,-2.65,3.41,-5.67,-2.65,0.123,0.107,0.000
21.061,3.57,-5.72,-2.65,3.57,-5.72,-2.65,0.123,0.105,0.000
21.109,4.43,-6.26,-2.74,4.43,-6.26,-2.74,0.133,0.105,0.000
21.142,4.85,-6.32,-2.76,4.85,-6.32,-2.76,0.140,0.103,0.000
21.159,4.95,-6.32,-2.74,4.95,-6.32,-2.74,0.146,0.103,0.000
21.177,5.38,-6.49,-2.81,5.38,-6.49,-2.81,0.153,0.107,0.000
21.208,6.02,-6.85,-2.95,6.02,-6.85,-2.95,0.154,0.109,0.000
21.240,6.41,-7.06,-3.00,6.41,-7.06,-3.00,0.156,0.114,0.000
21.270,6.81,-7.21,-3.05,6.81,-7.21,-3.05,0.157,0.119,0.000
21.303,6.84,-7.23,-3.07,6.84,-7.23,-3.07,0.155,0.120,0.000
21.335,6.80,-7.10,-3.08,6.80,-7.10,-3.08,0.154,0.121,0.000
21.414,6.20,-6.99,-2.98,6.20,-6.99,-2.98,0.152,0.121,0.000
21.447,5.16,-6.37,-2.92,5.16,-6.37,-2.92,0.151,0.119,0.000
21.466,4.64,-6.04,-2.86,4.64,-6.04,-2.86,0.151,0.115,0.000
21.480,4.30,-5.93,-2.84,4.30,-5.93,-2.84,0.150,0.115,0.000
21.512,3.35,-5.73,-2.70,3.35,-5.73,-2.70,0.141,0.115,0.000
21.545,2.67,-6.02,-2.67,2.67,-6.02,-2.67,0.134,0.113,0.000
21.574,1.91,-6.32,-2.42,1.91,-6.32,-2.42,0.134,0.106,0.000
21.605,1.19,-6.47,-2.40,1.19,-6.47,-2.40,0.137,0.099,0.000
21.637,0.52,-6.32,-2.20,0.52,-6.32,-2.20,0.141,0.105,0.000
21.670,-0.00,-6.37,-2.08,-0.00,-6.37,-2.08,0.146,0.109,0.000
21.722,-0.38,-6.41,-2.07,-0.38,-6.41,-2.07,0.136,0.094,0.000
21.751,-0.73,-5.94,-2.01,-0.73,-5.94,-2.01,0.132,0.092,0.000
21.784,-0.93,-5.81,-2.00,-0.93,-5.81,-2.00,0.131,0.092,0.000
21.813,-0.96,-5.77,-2.03,-0.96,-5.77,-2.03,0.129,0.097,0.000
21.847,-1.09,-5.62,-2.08,-1.09,-5.62,-2.08,0.124,0.096,0.000
21.881,-1.15,-5.51,-2.10,-1.15,-5.51,-2.10,0.125,0.096,0.000
21.909,-1.10,-5.51,-2.13,-1.10,-5.51,-2.13,0.125,0.102,0.000
21.943,-1.10,-5.49,-2.09,-1.10,-5.49,-2.09,0.129,0.108,0.000
21.974,-1.06,-5.49,-2.07,-1.06,-5.49,-2.07,0.127,0.106,0.000
22.022,-1.02,-5.55,-2.07,-1.02,-5.55,-2.07,0.135,0.113,0.000
22.055,-1.01,-5.43,-2.09,-1.01,-5.43,-2.09,0.136,0.115,0.000
22.086,-0.98,-5.44,-2.11,-0.98,-5.44,-2.11,0.143,0.119,0.000
22.119,-1.01,-5.29,-2.14,-1.01,-5.29,-2.14,0.144,0.118,0.000
22.151,-0.99,-5.23,-2.16,-0.99,-5.23,-2.16,0.148,0.121,0.000
22.182,-1.00,-5.07,-2.17,-1.00,-5.07,-2.17,0.146,0.120,0.000
22.216,-0.96,-4.96,-2.14,-0.96,-4.96,-2.14,0.143,0.125,0.000
22.247,-0.92,-4.86,-2.11,-0.92,-4.86,-2.11,0.137,0.118,0.000
22.279,-0.81,-4.72,-2.16,-0.81,-4.72,-2.16,0.131,0.105,0.000
22.327,-0.66,-4.52,-2.24,-0.66,-4.52,-2.24,0.131,0.103,0.000
22.357,-0.70,-4.09,-2.17,-0.70,-4.09,-2.17,0.140,0.122,0.000
22.389,-0.47,-4.00,-1.86,-0.47,-4.00,-1.86,0.170,0.169,0.000
22.421,-0.52,-2.38,-1.63,-0.52,-2.38,-1.63,0.259,0.217,0.000
22.453,-0.56,-0.63,-1.73,-0.56,-0.63,-1.73,0.232,0.216,0.000
22.486,-0.37,2.69,-2.43,-0.37,2.69,-2.43,0.262,0.240,0.000
22.520,-0.18,7.17,-2.20,-0.18,7.17,-2.20,0.294,0.280,0.000
22.552,0.53,9.62,-1.91,0.53,9.62,-1.91,0.322,0.326,0.000
22.582,0.69,10.99,-2.93,0.69,10.99,-2.93,0.367,0.269,0.000
22.631,1.22,13.21,-2.78,1.22,13.21,-2.78,0.183,0.163,0.000
22.663,1.02,12.90,-2.82,1.02,12.90,-2.82,0.124,0.122,0.000
22.695,0.86,15.02,-2.87,0.86,15.02,-2.87,0.065,0.040,0.000
22.729,0.48,16.07,-2.99,0.48,16.07,-2.99,0.029,0.014,0.000
22.759,0.39,16.14,-3.28,0.39,16.14,-3.28,0.014,0.006,0.000
22.789,0.32,16.69,-3.22,0.32,16.69,-3.22,0.017,0.006,0.000
22.822,0.45,16.03,-3.03,0.45,16.03,-3.03,0.021,0.008,0.000
22.854,0.70,17.09,-2.97,0.70,17.09,-2.97,0.023,0.010,0.000
22.891,0.72,16.94,-2.79,0.72,16.94,-2.79,0.025,0.009,0.000
22.918,0.87,16.83,-2.80,0.87,16.83,-2.80,0.026,0.008,0.000
22.967,1.05,16.81,-2.65,1.05,16.81,-2.65,0.033,0.013,0.000
22.997,1.23,17.55,-2.36,1.23,17.55,-2.36,0.035,0.016,0.000
23.030,1.49,17.60,-2.27,1.49,17.60,-2.27,0.031,0.012,0.000
23.062,1.73,18.10,-2.23,1.73,18.10,-2.23,0.040,0.015,0.000
23.094,2.13,18.57,-2.05,2.13,18.57,-2.05,0.044,0.014,0.000
23.125,2.26,18.63,-2.06,2.26,18.63,-2.06,0.042,0.015,0.000
23.159,2.44,18.38,-1.87,2.44,18.38,-1.87,0.045,0.015,0.000
23.189,2.71,18.80,-1.91,2.71,18.80,-1.91,0.053,0.018,0.000
23.225,2.72,18.58,-1.71,2.72,18.58,-1.71,0.107,0.086,0.000
23.270,2.60,18.59,-1.56,2.60,18.59,-1.56,0.221,0.207,0.000
23.302,2.58,18.57,-1.47,2.58,18.57,-1.47,0.291,0.277,0.000
23.320,2.55,18.32,-1.40,2.55,18.32,-1.40,0.314,0.296,0.000
23.338,2.57,18.30,-1.55,2.57,18.30,-1.55,0.325,0.264,0.000
23.398,2.26,18.29,-1.57,2.26,18.29,-1.57,0.389,0.291,0.000
23.432,2.07,18.28,-1.51,2.07,18.28,-1.51,0.426,0.315,0.000
23.463,1.84,18.21,-1.51,1.84,18.21,-1.51,0.414,0.294,0.000
23.494,1.85,18.43,-1.58,1.85,18.43,-1.58,0.397,0.254,0.000
23.529,1.71,18.04,-1.70,1.71,18.04,-1.70,0.358,0.197,0.000
23.576,1.79,18.09,-1.80,1.79,18.09,-1.80,0.348,0.203,0.000
23.606,1.94,18.16,-1.87,1.94,18.16,-1.87,0.338,0.201,0.000
23.630,1.96,18.12,-1.92,1.96,18.12,-1.92,0.342,0.203,0.000
23.646,1.99,18.14,-1.89,1.99,18.14,-1.89,0.354,0.214,0.000
23.670,2.11,18.24,-1.85,2.11,18.24,-1.85,0.343,0.210,0.000
23.702,2.10,18.23,-1.80,2.10,18.23,-1.80,0.343,0.211,0.000
23.733,2.25,18.40,-1.84,2.25,18.40,-1.84,0.329,0.216,0.000
23.800,2.37,18.64,-1.80,2.37,18.64,-1.80,0.207,0.141,0.000
23.832,2.42,18.60,-1.80,2.42,18.60,-1.80,0.192,0.138,0.000
23.880,2.84,18.30,-1.78,2.84,18.30,-1.78,0.180,0.123,0.000
23.914,2.99,18.24,-1.89,2.99,18.24,-1.89,0.185,0.136,0.000
23.933,2.96,18.23,-1.92,2.96,18.23,-1.92,0.200,0.146,0.000
23.950,3.03,18.30,-1.92,3.03,18.30,-1.92,0.242,0.190,0.000
23.974,3.08,18.14,-1.95,3.08,18.14,-1.95,0.279,0.234,0.000
24.005,3.04,17.83,-2.00,3.04,17.83,-2.00,0.344,0.286,0.000
24.039,3.07,17.45,-2.15,3.07,17.45,-2.15,0.359,0.316,0.000
24.070,3.10,17.32,-2.22,3.10,17.32,-2.22,0.350,0.311,0.000
24.101,3.06,17.13,-2.43,3.06,17.13,-2.43,0.342,0.341,0.000
24.135,3.03,16.69,-2.53,3.03,16.69,-2.53,0.354,0.352,0.000
24.215,3.19,16.69,-2.56,3.19,16.69,-2.56,0.381,0.314,0.000
24.233,3.19,16.71,-2.53,3.19,16.71,-2.53,0.381,0.314,0.000
24.251,3.22,16.64,-2.60,3.22,16.64,-2.60,0.379,0.294,0.000
24.277,3.18,16.65,-2.56,3.18,16.65,-2.56,0.387,0.292,0.000
24.309,3.20,16.81,-2.56,3.20,16.81,-2.56,0.376,0.272,0.000
24.342,3.03,16.85,-2.62,3.03,16.85,-2.62,0.267,0.207,0.000
24.374,2.93,17.19,-2.49,2.93,17.19,-2.49,0.158,0.117,0.000
24.405,2.78,17.27,-2.41,2.78,17.27,-2.41,0.110,0.079,0.000
24.440,2.89,17.60,-2.37,2.89,17.60,-2.37,0.088,0.060,0.000
24.486,3.06,17.60,-2.39,3.06,17.60,-2.39,0.084,0.053,0.000
24.517,3.04,17.58,-2.40,3.04,17.58,-2.40,0.080,0.050,0.000
24.549,3.03,17.50,-2.42,3.03,17.50,-2.42,0.079,0.043,0.000
24.583,3.06,17.49,-2.50,3.06,17.49,-2.50,0.082,0.041,0.000
24.614,2.99,17.54,-2.53,2.99,17.54,-2.53,0.082,0.041,0.000
24.646,3.00,17.55,-2.53,3.00,17.55,-2.53,0.087,0.042,0.000
24.679,2.99,17.51,-2.54,2.99,17.51,-2.54,0.096,0.054,0.000
24.710,3.03,17.39,-2.48,3.03,17.39,-2.48,0.078,0.047,0.000
24.742,2.83,17.22,-2.54,2.83,17.22,-2.54,0.075,0.046,0.000
24.804,2.66,17.03,-2.48,2.66,17.03,-2.48,0.061,0.037,0.000
24.833,2.65,17.07,-2.51,2.65,17.07,-2.51,0.057,0.029,0.000
24.853,2.68,17.13,-2.47,2.68,17.13,-2.47,0.049,0.026,0.000
24.886,2.62,17.16,-2.48,2.62,17.16,-2.48,0.050,0.022,0.000
24.920,2.66,17.19,-2.44,2.66,17.19,-2.44,0.040,0.020,0.000
24.948,2.63,17.27,-2.40,2.63,17.27,-2.40,0.041,0.018,0.000
24.981,2.61,17.24,-2.43,2.61,17.24,-2.43,0.039,0.017,0.000
25.015,2.58,17.27,-2.37,2.58,17.27,-2.37,0.039,0.017,0.000
25.046,2.57,17.30,-2.34,2.57,17.30,-2.34,0.038,0.017,0.000
25.078,2.51,17.19,-2.35,2.51,17.19,-2.35,0.039,0.017,0.000
25.126,2.40,16.92,-2.39,2.40,16.92,-2.39,0.037,0.016,0.000
25.157,2.40,16.78,-2.40,2.40,16.78,-2.40,0.038,0.016,0.000
25.190,2.36,16.69,-2.43,2.36,16.69,-2.43,0.036,0.015,0.000
25.222,2.38,16.66,-2.41,2.38,16.66,-2.41,0.035,0.015,0.000
25.256,2.40,16.67,-2.36,2.40,16.67,-2.36,0.036,0.015,0.000
25.287,2.38,16.60,-2.34,2.38,16.60,-2.34,0.035,0.013,0.000
25.320,2.24,16.64,-2.36,2.24,16.64,-2.36,0.034,0.013,0.000
25.350,2.04,16.27,-2.44,2.04,16.27,-2.44,0.035,0.013,0.000
25.383,1.83,16.36,-2.56,1.83,16.36,-2.56,0.028,0.011,0.000
25.430,1.55,16.30,-2.84,1.55,16.30,-2.84,0.022,0.008,0.000
25.462,1.29,16.93,-3.15,1.29,16.93,-3.15,0.016,0.005,0.000
25.494,0.67,17.37,-3.35,0.67,17.37,-3.35,0.011,0.004,0.000
25.527,0.11,17.26,-3.20,0.11,17.26,-3.20,0.013,0.005,0.000
25.558,-0.60,16.48,-3.37,-0.60,16.48,-3.37,0.011,0.004,0.000
25.592,-1.96,15.34,-3.73,-1.96,15.34,-3.73,0.011,0.004,0.000
25.620,-2.24,13.98,-4.01,-2.24,13.98,-4.01,0.016,0.005,0.000
25.654,-2.88,13.13,-4.07,-2.88,13.13,-4.07,0.016,0.005,0.000
25.685,-4.62,12.48,-4.77,-4.62,12.48,-4.77,0.026,0.008,0.000
25.734,-5.83,11.32,-4.94,-5.83,11.32,-4.94,0.022,0.008,0.000
25.767,-6.17,10.47,-4.82,-6.17,10.47,-4.82,0.019,0.006,0.000
25.797,-6.31,10.00,-4.89,-6.31,10.00,-4.89,0.015,0.005,0.000
25.830,-6.77,9.32,-4.82,-6.77,9.32,-4.82,0.014,0.005,0.000
25.861,-6.99,8.82,-4.65,-6.99,8.82,-4.65,0.014,0.005,0.000
25.893,-7.87,8.23,-4.66,-7.87,8.23,-4.66,0.013,0.005,0.000
25.928,-8.33,7.66,-4.60,-8.33,7.66,-4.60,0.016,0.007,0.000
25.958,-8.72,7.47,-4.83,-8.72,7.47,-4.83,0.015,0.007,0.000
25.991,-9.03,7.21,-4.93,-9.03,7.21,-4.93,0.017,0.008,0.000
26.037,-8.94,6.54,-4.80,-8.94,6.54,-4.80,0.015,0.008,0.000
26.068,-9.17,5.72,-4.53,-9.17,5.72,-4.53,0.018,0.010,0.000
26.087,-9.11,5.56,-4.43,-9.11,5.56,-4.43,0.023,0.011,0.000
26.105,-9.11,5.58,-4.42,-9.11,5.58,-4.42,0.020,0.011,0.000
26.165,-9.21,4.61,-4.03,-9.21,4.61,-4.03,0.017,0.009,0.000
26.200,-8.81,4.74,-3.85,-8.81,4.74,-3.85,0.020,0.010,0.000
26.232,-8.55,4.36,-3.67,-8.55,4.36,-3.67,0.023,0.010,0.000
26.265,-8.58,3.75,-3.58,-8.58,3.75,-3.58,0.024,0.010,0.000
26.296,-8.78,3.58,-3.54,-8.78,3.58,-3.54,0.020,0.009,0.000
26.348,-8.78,3.00,-3.34,-8.78,3.00,-3.34,0.025,0.010,0.000
26.374,-8.83,2.56,-3.39,-8.83,2.56,-3.39,0.026,0.010,0.000
26.407,-8.81,2.47,-3.45,-8.81,2.47,-3.45,0.028,0.011,0.000
26.426,-8.78,2.35,-3.40,-8.78,2.35,-3.40,0.026,0.010,0.000
26.459,-8.55,2.16,-3.16,-8.55,2.16,-3.16,0.030,0.012,0.000
26.493,-8.58,1.78,-3.15,-8.58,1.78,-3.15,0.031,0.010,0.000
26.527,-8.52,1.63,-2.86,-8.52,1.63,-2.86,0.023,0.009,0.000
26.545,-8.53,1.70,-2.82,-8.53,1.70,-2.82,0.022,0.008,0.000
26.602,-8.54,1.76,-2.37,-8.54,1.76,-2.37,0.019,0.008,0.000
26.648,-8.57,1.87,-2.43,-8.57,1.87,-2.43,0.023,0.008,0.000
26.679,-8.39,1.96,-2.35,-8.39,1.96,-2.35,0.024,0.008,0.000
26.699,-8.35,1.90,-2.30,-8.35,1.90,-2.30,0.025,0.009,0.000
26.717,-7.94,1.79,-2.29,-7.94,1.79,-2.29,0.025,0.009,0.000
26.751,-7.59,1.65,-2.32,-7.59,1.65,-2.32,0.025,0.009,0.000
26.783,-7.31,1.67,-2.41,-7.31,1.67,-2.41,0.025,0.010,0.000
26.805,-7.19,1.85,-2.44,-7.19,1.85,-2.44,0.024,0.010,0.000
26.838,-7.21,1.76,-2.48,-7.21,1.76,-2.48,0.023,0.010,0.000
26.870,-7.20,1.80,-2.51,-7.20,1.80,-2.51,0.016,0.008,0.000
26.901,-7.17,1.66,-2.61,-7.17,1.66,-2.61,0.016,0.009,0.000
26.940,-7.03,1.27,-2.78,-7.03,1.27,-2.78,0.019,0.008,0.000
26.982,-7.05,0.84,-3.00,-7.05,0.84,-3.00,0.021,0.008,0.000
27.015,-7.15,0.62,-3.16,-7.15,0.62,-3.16,0.019,0.009,0.000
27.047,-7.18,0.50,-3.39,-7.18,0.50,-3.39,0.018,0.009,0.000
27.078,-7.19,0.43,-3.43,-7.19,0.43,-3.43,0.018,0.009,0.000
27.110,-6.96,0.30,-3.35,-6.96,0.30,-3.35,0.019,0.009,0.000
27.142,-6.96,0.30,-3.35,-6.96,0.30,-3.35,0.020,0.010,0.000
27.173,-6.74,0.28,-3.39,-6.74,0.28,-3.39,0.022,0.010,0.000
27.204,-6.61,0.19,-3.45,-6.61,0.19,-3.45,0.023,0.010,0.000
27.237,-6.49,0.32,-3.49,-6.49,0.32,-3.49,0.020,0.010,0.000
27.287,-6.30,0.45,-3.55,-6.30,0.45,-3.55,0.022,0.010,0.000
27.318,-6.14,0.44,-3.55,-6.14,0.44,-3.55,0.023,0.010,0.000
27.351,-6.21,0.50,-3.65,-6.21,0.50,-3.65,0.023,0.010,0.000
27.381,-6.12,0.77,-3.71,-6.12,0.77,-3.71,0.024,0.011,0.000
27.413,-6.03,0.86,-3.82,-6.03,0.86,-3.82,0.021,0.010,0.000
27.446,-5.92,0.81,-3.87,-5.92,0.81,-3.87,0.021,0.011,0.000
27.479,-5.83,0.79,-3.85,-5.83,0.79,-3.85,0.019,0.011,0.000
27.510,-5.64,0.69,-3.68,-5.64,0.69,-3.68,0.018,0.011,0.000
27.541,-5.60,0.65,-3.56,-5.60,0.65,-3.56,0.020,0.012,0.000
27.589,-5.74,0.74,-3.20,-5.74,0.74,-3.20,0.020,0.011,0.000
27.623,-5.76,0.80,-3.02,-5.76,0.80,-3.02,0.021,0.012,0.000
27.654,-5.76,1.05,-2.95,-5.76,1.05,-2.95,0.023,0.012,0.000
27.685,-5.80,1.09,-2.95,-5.80,1.09,-2.95,0.027,0.014,0.000
27.718,-5.82,1.08,-2.91,-5.82,1.08,-2.91,0.029,0.015,0.000
27.751,-5.80,1.07,-2.95,-5.80,1.07,-2.95,0.034,0.016,0.000
27.783,-5.71,1.06,-2.97,-5.71,1.06,-2.97,0.038,0.016,0.000
27.814,-5.61,1.03,-2.97,-5.61,1.03,-2.97,0.040,0.017,0.000
27.848,-5.70,0.98,-2.97,-5.70,0.98,-2.97,0.039,0.016,0.000
27.893,-5.65,1.00,-2.85,-5.65,1.00,-2.85,0.033,0.015,0.000
27.927,-5.54,1.06,-2.98,-5.54,1.06,-2.98,0.030,0.014,0.000
27.960,-5.49,1.05,-2.97,-5.49,1.05,-2.97,0.017,0.009,0.000
27.989,-5.56,0.60,-3.00,-5.56,0.60,-3.00,0.015,0.007,0.000
28.021,-5.65,-0.14,-2.85,-5.65,-0.14,-2.85,0.021,0.009,0.000
28.054,-5.46,-0.41,-2.69,-5.46,-0.41,-2.69,0.024,0.011,0.000
28.088,-5.27,-0.44,-2.57,-5.27,-0.44,-2.57,0.026,0.015,0.000
28.121,-5.21,-0.48,-2.12,-5.21,-0.48,-2.12,0.035,0.020,0.000
28.151,-5.18,-1.06,-1.58,-5.18,-1.06,-1.58,0.039,0.020,0.000
28.198,-5.09,-1.95,-0.90,-5.09,-1.95,-0.90,0.041,0.014,0.000
28.230,-5.08,-2.03,-0.20,-5.08,-2.03,-0.20,0.035,0.018,0.000
28.262,-4.98,-1.55,0.80,-4.98,-1.55,0.80,0.057,0.035,0.000
28.298,-4.63,-2.37,1.10,-4.63,-2.37,1.10,0.116,0.069,0.000
28.326,-2.66,-7.64,3.58,-2.66,-7.64,3.58,0.186,0.058,0.000
28.358,-3.83,-7.41,2.71,-3.83,-7.41,2.71,0.122,0.081,0.000
28.390,-5.28,-5.02,2.48,-5.28,-5.02,2.48,0.108,0.032,0.000
28.422,-5.57,-3.97,2.09,-5.57,-3.97,2.09,0.112,0.027,0.000
28.453,-6.49,-3.79,0.89,-6.49,-3.79,0.89,0.040,0.007,0.000
28.502,-5.63,-4.15,0.20,-5.63,-4.15,0.20,0.076,0.027,0.000
28.536,-5.75,-3.63,-0.23,-5.75,-3.63,-0.23,0.125,0.043,0.000
28.554,-5.73,-3.12,-0.43,-5.73,-3.12,-0.43,0.126,0.044,0.000
28.598,-5.62,-2.33,0.84,-5.62,-2.33,0.84,0.109,0.050,0.000
28.632,-5.58,-1.96,1.23,-5.58,-1.96,1.23,0.091,0.050,0.000
28.666,-5.45,-1.22,1.29,-5.45,-1.22,1.29,0.065,0.047,0.000
28.699,-5.87,-0.57,1.39,-5.87,-0.57,1.39,0.066,0.040,0.000
28.726,-5.82,-0.55,1.50,-5.82,-0.55,1.50,0.071,0.038,0.000
28.759,-5.76,-0.83,1.69,-5.76,-0.83,1.69,0.078,0.034,0.000
28.810,-5.96,-1.28,1.80,-5.96,-1.28,1.80,0.075,0.035,0.000
28.838,-5.84,-1.40,1.88,-5.84,-1.40,1.88,0.078,0.038,0.000
28.856,-5.80,-1.58,2.03,-5.80,-1.58,2.03,0.078,0.039,0.000
28.874,-5.90,-1.72,2.23,-5.90,-1.72,2.23,0.079,0.044,0.000
28.900,-5.70,-1.87,2.69,-5.70,-1.87,2.69,0.082,0.057,0.000
28.934,-5.69,-2.01,3.25,-5.69,-2.01,3.25,0.093,0.060,0.000
29.001,-5.57,-0.54,4.19,-5.57,-0.54,4.19,0.364,0.253,0.000
29.030,-5.57,1.10,4.41,-5.57,1.10,4.41,0.521,0.432,0.000
29.062,-5.31,2.12,4.96,-5.31,2.12,4.96,0.589,0.440,0.000
29.094,-5.30,3.61,5.12,-5.30,3.61,5.12,0.598,0.413,0.000
29.141,-5.38,3.45,5.36,-5.38,3.45,5.36,0.582,0.421,0.000
29.160,-5.72,4.33,5.36,-5.72,4.33,5.36,0.536,0.408,0.000
29.178,-5.75,4.66,5.27,-5.75,4.66,5.27,0.518,0.406,0.000
29.209,-5.75,5.58,5.02,-5.75,5.58,5.02,0.476,0.334,0.000
29.238,-6.05,5.47,4.85,-6.05,5.47,4.85,0.427,0.325,0.000
29.270,-6.27,5.62,5.06,-6.27,5.62,5.06,0.412,0.322,0.000
29.304,-6.64,5.62,5.19,-6.64,5.62,5.19,0.406,0.370,0.000
29.334,-7.06,5.48,5.19,-7.06,5.48,5.19,0.384,0.357,0.000
29.398,-7.51,6.51,4.38,-7.51,6.51,4.38,0.442,0.396,0.000
29.447,-8.65,7.75,4.22,-8.65,7.75,4.22,0.324,0.210,0.004
29.478,-8.90,7.87,3.12,-8.90,7.87,3.12,0.143,0.092,0.066
29.496,-8.74,7.52,3.14,-8.74,7.52,3.14,0.173,0.119,0.181
29.515,-8.29,8.37,2.79,-8.29,8.37,2.79,0.103,0.048,0.499
29.542,-7.90,6.54,2.50,-7.90,6.54,2.50,0.077,0.027,0.466
29.574,-7.25,5.79,2.05,-7.25,5.79,2.05,0.063,0.021,0.563
29.605,-6.96,5.19,2.46,-6.96,5.19,2.46,0.096,0.025,0.600
29.640,-6.73,4.69,2.45,-6.73,4.69,2.45,0.110,0.029,0.633
29.670,-6.44,3.94,2.74,-6.44,3.94,2.74,0.092,0.031,0.566
29.704,-6.74,4.07,2.64,-6.74,4.07,2.64,0.063,0.024,0.517
29.751,-6.85,4.83,2.40,-6.85,4.83,2.40,0.054,0.018,0.546
29.784,-7.05,5.30,2.24,-7.05,5.30,2.24,0.053,0.015,0.523
29.815,-7.22,5.87,2.18,-7.22,5.87,2.18,0.069,0.022,0.532
29.846,-7.81,6.18,1.87,-7.81,6.18,1.87,0.071,0.020,0.618
29.878,-7.87,6.36,1.49,-7.87,6.36,1.49,0.075,0.021,0.705
29.910,-7.75,6.11,1.19,-7.75,6.11,1.19,0.066,0.018,0.750
29.942,-7.76,6.29,0.94,-7.76,6.29,0.94,0.073,0.019,0.757
29.978,-7.64,6.18,1.06,-7.64,6.18,1.06,0.074,0.025,0.745
30.005,-7.59,5.84,1.44,-7.59,5.84,1.44,0.090,0.027,0.762
30.054,-7.27,5.16,1.72,-7.27,5.16,1.72,0.107,0.027,0.723
30.086,-7.14,3.97,1.80,-7.14,3.97,1.80,0.094,0.027,0.702
30.118,-7.24,4.07,1.98,-7.24,4.07,1.98,0.117,0.030,0.646
30.151,-6.89,3.46,2.12,-6.89,3.46,2.12,0.106,0.043,0.697
30.182,-7.21,3.23,2.11,-7.21,3.23,2.11,0.105,0.048,0.650
30.214,-7.63,1.98,2.44,-7.63,1.98,2.44,0.102,0.036,0.680
30.247,-7.90,1.30,2.46,-7.90,1.30,2.46,0.129,0.053,0.641
30.279,-7.81,1.77,2.67,-7.81,1.77,2.67,0.145,0.068,0.650
30.312,-7.95,1.57,2.63,-7.95,1.57,2.63,0.157,0.080,0.640
30.359,-8.15,1.93,2.67,-8.15,1.93,2.67,0.132,0.063,0.631
30.391,-8.13,1.74,2.81,-8.13,1.74,2.81,0.122,0.052,0.604
30.422,-7.48,1.39,2.98,-7.48,1.39,2.98,0.122,0.055,0.614
30.454,-7.10,1.71,3.03,-7.10,1.71,3.03,0.104,0.042,0.538
30.487,-6.44,2.16,2.99,-6.44,2.16,2.99,0.094,0.047,0.639
30.519,-5.49,2.36,2.97,-5.49,2.36,2.97,0.087,0.039,0.629
30.551,-4.74,3.28,2.78,-4.74,3.28,2.78,0.091,0.047,0.660
30.583,-3.85,4.15,2.69,-3.85,4.15,2.69,0.096,0.060,0.714
30.615,-3.96,4.15,2.65,-3.96,4.15,2.65,0.104,0.070,0.739
30.668,-3.74,3.86,2.94,-3.74,3.86,2.94,0.101,0.067,0.819
30.697,-3.90,3.46,3.02,-3.90,3.46,3.02,0.115,0.064,0.845
30.727,-4.16,3.18,3.25,-4.16,3.18,3.25,0.127,0.065,0.864
30.759,-4.38,3.10,3.20,-4.38,3.10,3.20,0.130,0.073,0.869
30.791,-4.53,1.91,3.21,-4.53,1.91,3.21,0.147,0.081,0.878
30.824,-4.79,1.66,3.45,-4.79,1.66,3.45,0.151,0.080,0.886
30.854,-4.87,1.52,3.83,-4.87,1.52,3.83,0.146,0.085,0.899
30.885,-4.89,1.60,3.81,-4.89,1.60,3.81,0.122,0.083,0.892
30.919,-4.76,1.63,3.88,-4.76,1.63,3.88,0.113,0.079,0.897
30.968,-4.55,1.83,3.87,-4.55,1.83,3.87,0.108,0.076,0.897
31.000,-4.27,2.04,3.74,-4.27,2.04,3.74,0.100,0.080,0.895
31.030,-4.23,2.07,3.61,-4.23,2.07,3.61,0.095,0.082,0.905
31.064,-3.94,1.87,3.30,-3.94,1.87,3.30,0.092,0.089,0.892
31.093,-4.00,1.99,3.01,-4.00,1.99,3.01,0.102,0.097,0.876
31.125,-3.97,1.99,3.12,-3.97,1.99,3.12,0.115,0.106,0.883
31.159,-4.25,2.06,2.92,-4.25,2.06,2.92,0.143,0.122,0.868
31.190,-4.67,2.08,2.93,-4.67,2.08,2.93,0.153,0.119,0.884
31.222,-5.03,2.26,2.79,-5.03,2.26,2.79,0.160,0.119,0.891
31.254,-5.38,2.41,2.65,-5.38,2.41,2.65,0.155,0.112,0.888
31.302,-5.61,2.49,2.73,-5.61,2.49,2.73,0.165,0.113,0.895
31.338,-5.41,2.76,2.66,-5.41,2.76,2.66,0.164,0.110,0.883
31.356,-5.34,2.93,2.62,-5.34,2.93,2.62,0.162,0.111,0.884
31.399,-5.25,3.33,2.41,-5.25,3.33,2.41,0.158,0.118,0.884
31.431,-5.19,3.55,2.42,-5.19,3.55,2.42,0.155,0.121,0.888
31.462,-5.23,3.82,2.51,-5.23,3.82,2.51,0.150,0.115,0.888
31.493,-5.12,3.74,2.69,-5.12,3.74,2.69,0.142,0.108,0.891
31.525,-4.95,3.80,2.90,-4.95,3.80,2.90,0.133,0.104,0.877
31.558,-4.99,4.10,3.17,-4.99,4.10,3.17,0.120,0.095,0.835
31.606,-5.01,4.22,3.31,-5.01,4.22,3.31,0.094,0.080,0.771
31.638,-4.69,3.68,3.35,-4.69,3.68,3.35,0.081,0.066,0.504
31.656,-4.60,3.41,3.39,-4.60,3.41,3.39,0.072,0.061,0.397
31.681,-4.02,3.03,3.57,-4.02,3.03,3.57,0.061,0.044,0.119
31.701,-3.40,2.71,3.24,-3.40,2.71,3.24,0.036,0.040,0.010
31.734,-2.21,2.38,3.13,-2.21,2.38,3.13,0.030,0.041,0.000
31.802,1.39,0.67,2.10,1.39,0.67,2.10,0.037,0.034,0.000
31.831,3.05,0.90,2.14,3.05,0.90,2.14,0.045,0.035,0.000
31.862,4.40,0.34,1.99,4.40,0.34,1.99,0.051,0.039,0.000
31.910,5.25,-0.49,2.08,5.25,-0.49,2.08,0.041,0.034,0.000
31.943,5.46,-0.70,2.02,5.46,-0.70,2.02,0.047,0.030,0.000
31.977,5.67,-0.53,2.07,5.67,-0.53,2.07,0.046,0.030,0.000
31.996,5.80,-0.53,2.14,5.80,-0.53,2.14,0.043,0.033,0.000
32.014,6.06,-0.94,1.98,6.06,-0.94,1.98,0.079,0.059,0.000
32.037,6.29,-1.03,1.79,6.29,-1.03,1.79,0.098,0.070,0.000
32.069,6.35,-1.04,2.09,6.35,-1.04,2.09,0.093,0.063,0.000
32.102,6.03,-0.76,2.47,6.03,-0.76,2.47,0.102,0.065,0.000
32.134,5.81,-0.78,2.64,5.81,-0.78,2.64,0.082,0.068,0.000
32.212,5.91,-0.02,2.62,5.91,-0.02,2.62,0.084,0.070,0.000
32.247,5.75,1.35,2.92,5.75,1.35,2.92,0.086,0.067,0.006
32.261,5.70,1.62,2.98,5.70,1.62,2.98,0.088,0.067,0.012
32.278,5.65,2.48,3.16,5.65,2.48,3.16,0.097,0.063,0.176
32.311,5.79,3.50,3.68,5.79,3.50,3.68,0.133,0.069,0.618
32.346,5.81,3.66,4.17,5.81,3.66,4.17,0.161,0.083,0.779
32.374,5.90,3.91,4.75,5.90,3.91,4.75,0.185,0.090,0.811
32.407,5.82,4.21,5.20,5.82,4.21,5.20,0.196,0.100,0.806
32.438,5.47,4.60,5.17,5.47,4.60,5.17,0.153,0.104,0.848
32.470,5.09,4.35,5.13,5.09,4.35,5.13,0.119,0.096,0.838
32.520,3.25,4.11,4.95,3.25,4.11,4.95,0.112,0.091,0.858
32.550,1.53,4.32,4.61,1.53,4.32,4.61,0.110,0.097,0.869
32.583,0.64,4.53,4.49,0.64,4.53,4.49,0.102,0.094,0.896
32.615,-0.34,5.27,3.80,-0.34,5.27,3.80,0.104,0.070,0.873
32.648,-1.03,5.80,2.57,-1.03,5.80,2.57,0.082,0.030,0.874
32.680,-1.40,6.45,1.49,-1.40,6.45,1.49,0.084,0.030,0.871
32.709,-2.01,6.81,0.50,-2.01,6.81,0.50,0.113,0.047,0.877
32.743,-2.41,7.09,-0.10,-2.41,7.09,-0.10,0.134,0.064,0.888
32.774,-2.61,7.38,-0.28,-2.61,7.38,-0.28,0.132,0.066,0.880
32.824,-2.80,7.31,-0.28,-2.80,7.31,-0.28,0.122,0.063,0.882
32.853,-2.97,7.62,-0.14,-2.97,7.62,-0.14,0.121,0.067,0.896
32.887,-2.90,7.67,0.10,-2.90,7.67,0.10,0.119,0.066,0.894
32.917,-2.87,7.59,0.19,-2.87,7.59,0.19,0.122,0.070,0.897
32.950,-2.91,7.58,0.40,-2.91,7.58,0.40,0.120,0.072,0.904
32.982,-2.77,7.63,0.51,-2.77,7.63,0.51,0.115,0.074,0.900
33.018,-2.77,7.62,0.70,-2.77,7.62,0.70,0.128,0.072,0.898
33.045,-2.77,7.61,0.90,-2.77,7.61,0.90,0.133,0.069,0.896
33.078,-2.79,7.62,1.11,-2.79,7.62,1.11,0.135,0.068,0.894
33.127,-2.72,7.57,1.27,-2.72,7.57,1.27,0.131,0.069,0.891
33.159,-2.68,7.51,1.19,-2.68,7.51,1.19,0.129,0.070,0.892
33.192,-2.62,7.47,0.99,-2.62,7.47,0.99,0.173,0.110,0.895
33.222,-2.58,7.57,0.85,-2.58,7.57,0.85,0.177,0.131,0.897
33.254,-2.53,7.55,0.71,-2.53,7.55,0.71,0.175,0.137,0.899
33.286,-2.46,7.51,0.53,-2.46,7.51,0.53,0.177,0.149,0.893
33.320,-2.37,7.49,0.43,-2.37,7.49,0.43,0.177,0.156,0.877
33.352,-2.29,7.37,0.30,-2.29,7.37,0.30,0.171,0.160,0.862
33.383,-2.02,6.94,-0.02,-2.02,6.94,-0.02,0.174,0.175,0.858
33.415,-1.80,6.89,-0.26,-1.80,6.89,-0.26,0.176,0.162,0.859
33.462,-1.76,6.90,-0.37,-1.76,6.90,-0.37,0.177,0.174,0.864
33.493,-1.59,6.74,-0.57,-1.59,6.74,-0.57,0.163,0.151,0.858
33.527,-1.49,6.68,-0.80,-1.49,6.68,-0.80,0.149,0.147,0.868
33.558,-1.29,6.50,-0.91,-1.29,6.50,-0.91,0.145,0.146,0.873
33.589,-1.26,6.23,-0.84,-1.26,6.23,-0.84,0.149,0.153,0.868
33.622,-1.18,5.82,-0.80,-1.18,5.82,-0.80,0.145,0.137,0.857
33.653,-1.08,5.47,-0.73,-1.08,5.47,-0.73,0.139,0.116,0.856
33.688,-1.17,5.44,-0.93,-1.17,5.44,-0.93,0.121,0.083,0.853
33.719,-1.12,5.12,-0.92,-1.12,5.12,-0.92,0.132,0.088,0.850
33.767,-1.34,5.00,-0.82,-1.34,5.00,-0.82,0.127,0.089,0.846
33.799,-1.82,4.63,-0.73,-1.82,4.63,-0.73,0.125,0.088,0.852
33.831,-2.18,4.59,-0.62,-2.18,4.59,-0.62,0.118,0.089,0.862
33.864,-2.45,4.59,-0.39,-2.45,4.59,-0.39,0.115,0.049,0.872
33.894,-2.63,4.66,-0.35,-2.63,4.66,-0.35,0.103,0.039,0.872
33.926,-2.89,4.98,-0.31,-2.89,4.98,-0.31,0.093,0.033,0.880
33.958,-3.11,5.29,-0.32,-3.11,5.29,-0.32,0.085,0.029,0.886
33.990,-3.18,5.23,-0.36,-3.18,5.23,-0.36,0.084,0.027,0.884
34.030,-3.26,5.24,-0.44,-3.26,5.24,-0.44,0.088,0.029,0.880
34.071,-3.25,5.18,-0.54,-3.25,5.18,-0.54,0.094,0.032,0.873
34.104,-3.30,5.28,-0.60,-3.30,5.28,-0.60,0.104,0.038,0.873
34.124,-3.31,5.29,-0.60,-3.31,5.29,-0.60,0.101,0.037,0.875
34.167,-3.38,5.33,-0.60,-3.38,5.33,-0.60,0.094,0.038,0.880
34.198,-3.45,5.44,-0.61,-3.45,5.44,-0.61,0.095,0.041,0.881
34.231,-3.45,5.50,-0.63,-3.45,5.50,-0.63,0.096,0.042,0.880
34.263,-3.45,5.50,-0.63,-3.45,5.50,-0.63,0.097,0.043,0.879
34.295,-3.44,5.50,-0.64,-3.44,5.50,-0.64,0.096,0.043,0.878
34.327,-3.44,5.50,-0.66,-3.44,5.50,-0.66,0.097,0.043,0.876
34.377,-3.41,5.46,-0.67,-3.41,5.46,-0.67,0.091,0.037,0.869
34.407,-3.31,5.60,-0.64,-3.31,5.60,-0.64,0.089,0.035,0.862
34.425,-3.30,5.64,-0.64,-3.30,5.64,-0.64,0.089,0.033,0.859
34.441,-3.21,5.70,-0.69,-3.21,5.70,-0.69,0.086,0.030,0.854
34.469,-2.94,5.86,-0.73,-2.94,5.86,-0.73,0.095,0.039,0.842
34.503,-2.81,5.79,-0.59,-2.81,5.79,-0.59,0.096,0.041,0.837
34.534,-2.64,5.93,-0.45,-2.64,5.93,-0.45,0.097,0.044,0.843
34.597,-1.89,6.33,-0.18,-1.89,6.33,-0.18,0.086,0.038,0.833
34.631,-1.55,6.41,-0.05,-1.55,6.41,-0.05,0.082,0.038,0.822
34.679,-1.41,6.61,0.07,-1.41,6.61,0.07,0.086,0.037,0.807
34.712,-1.48,6.66,0.14,-1.48,6.66,0.14,0.089,0.038,0.777
34.732,-1.50,6.66,0.16,-1.50,6.66,0.16,0.089,0.038,0.770
34.749,-1.46,6.66,0.19,-1.46,6.66,0.19,0.090,0.038,0.756
34.774,-1.57,6.51,0.19,-1.57,6.51,0.19,0.090,0.037,0.746
34.806,-1.60,6.55,0.15,-1.60,6.55,0.15,0.091,0.030,0.732
34.839,-1.77,6.66,-0.02,-1.77,6.66,-0.02,0.091,0.025,0.720
34.869,-2.05,6.92,0.05,-2.05,6.92,0.05,0.079,0.025,0.728
34.901,-2.66,7.28,0.04,-2.66,7.28,0.04,0.099,0.032,0.738
34.934,-2.76,7.62,-0.13,-2.76,7.62,-0.13,0.119,0.043,0.760
35.017,-3.04,7.83,-0.08,-3.04,7.83,-0.08,0.142,0.057,0.802
35.035,-3.08,7.84,-0.05,-3.08,7.84,-0.05,0.138,0.058,0.804
35.054,-3.10,7.89,-0.01,-3.10,7.89,-0.01,0.137,0.060,0.809
35.080,-3.09,7.90,0.04,-3.09,7.90,0.04,0.133,0.059,0.814
35.111,-3.13,8.07,0.02,-3.13,8.07,0.02,0.130,0.056,0.816
35.141,-3.13,8.10,-0.03,-3.13,8.10,-0.03,0.129,0.056,0.814
35.173,-3.18,8.28,-0.07,-3.18,8.28,-0.07,0.124,0.056,0.813
35.207,-3.10,8.35,-0.07,-3.10,8.35,-0.07,0.124,0.057,0.814
35.236,-3.12,8.37,-0.10,-3.12,8.37,-0.10,0.124,0.058,0.818
35.271,-3.18,8.46,-0.16,-3.18,8.46,-0.16,0.119,0.056,0.824
35.318,-3.26,8.54,-0.23,-3.26,8.54,-0.23,0.118,0.059,0.826
35.351,-3.27,8.51,-0.27,-3.27,8.51,-0.27,0.119,0.057,0.825
35.386,-3.29,8.51,-0.32,-3.29,8.51,-0.32,0.121,0.061,0.828
35.415,-3.31,8.46,-0.39,-3.31,8.46,-0.39,0.123,0.061,0.828
35.447,-3.32,8.46,-0.43,-3.32,8.46,-0.43,0.127,0.061,0.825
35.479,-3.33,8.40,-0.45,-3.33,8.40,-0.45,0.129,0.060,0.823
35.509,-3.35,8.35,-0.48,-3.35,8.35,-0.48,0.129,0.058,0.825
35.542,-3.32,8.25,-0.53,-3.32,8.25,-0.53,0.133,0.059,0.830
35.573,-3.31,8.14,-0.53,-3.31,8.14,-0.53,0.132,0.060,0.833
35.622,-3.28,8.08,-0.47,-3.28,8.08,-0.47,0.124,0.059,0.835
35.655,-3.25,8.06,-0.45,-3.25,8.06,-0.45,0.115,0.054,0.844
35.687,-3.37,7.71,-0.46,-3.37,7.71,-0.46,0.091,0.041,0.850
35.720,-3.55,7.28,-0.61,-3.55,7.28,-0.61,0.063,0.024,0.844
35.751,-3.63,7.12,-0.76,-3.63,7.12,-0.76,0.077,0.029,0.820
35.780,-3.75,6.82,-0.85,-3.75,6.82,-0.85,0.093,0.040,0.780
35.813,-3.71,6.92,-0.68,-3.71,6.92,-0.68,0.106,0.046,0.782
35.845,-3.83,6.41,-0.44,-3.83,6.41,-0.44,0.115,0.049,0.808
35.878,-4.02,6.44,-0.21,-4.02,6.44,-0.21,0.111,0.046,0.822
35.926,-4.31,6.37,-0.12,-4.31,6.37,-0.12,0.106,0.043,0.816
35.957,-4.44,6.37,0.00,-4.44,6.37,0.00,0.109,0.041,0.816
35.989,-4.51,6.28,0.25,-4.51,6.28,0.25,0.112,0.038,0.817
36.022,-4.64,6.40,0.35,-4.64,6.40,0.35,0.111,0.041,0.809
36.055,-4.68,6.33,0.44,-4.68,6.33,0.44,0.111,0.044,0.815
36.085,-4.75,6.26,0.41,-4.75,6.26,0.41,0.123,0.051,0.823
36.119,-4.83,6.13,0.44,-4.83,6.13,0.44,0.121,0.055,0.816
36.149,-4.95,5.99,0.42,-4.95,5.99,0.42,0.131,0.059,0.817
36.183,-5.22,5.93,0.36,-5.22,5.93,0.36,0.133,0.059,0.825
36.230,-5.34,5.84,0.27,-5.34,5.84,0.27,0.123,0.055,0.825
36.261,-5.54,6.13,0.18,-5.54,6.13,0.18,0.126,0.056,0.828
36.294,-5.67,6.22,0.03,-5.67,6.22,0.03,0.125,0.059,0.828
36.327,-5.79,6.17,0.06,-5.79,6.17,0.06,0.128,0.062,0.825
36.358,-5.84,6.25,0.01,-5.84,6.25,0.01,0.133,0.065,0.808
36.392,-5.75,6.31,0.01,-5.75,6.31,0.01,0.133,0.066,0.795
36.422,-5.63,6.45,-0.14,-5.63,6.45,-0.14,0.131,0.061,0.782
36.454,-5.47,6.40,-0.21,-5.47,6.40,-0.21,0.124,0.057,0.779
36.486,-5.38,6.31,-0.24,-5.38,6.31,-0.24,0.113,0.052,0.773
36.534,-5.28,6.10,-0.26,-5.28,6.10,-0.26,0.110,0.053,0.770
36.568,-5.00,6.06,-0.34,-5.00,6.06,-0.34,0.112,0.054,0.764
36.598,-4.91,5.87,-0.46,-4.91,5.87,-0.46,0.114,0.058,0.762
36.631,-4.92,5.87,-0.47,-4.92,5.87,-0.47,0.113,0.058,0.762
36.662,-4.89,5.92,-0.50,-4.89,5.92,-0.50,0.113,0.059,0.766
36.693,-4.92,5.94,-0.46,-4.92,5.94,-0.46,0.110,0.058,0.757
36.727,-4.91,5.96,-0.44,-4.91,5.96,-0.44,0.109,0.055,0.751
36.758,-4.96,5.98,-0.44,-4.96,5.98,-0.44,0.103,0.052,0.756
36.790,-4.96,5.99,-0.43,-4.96,5.99,-0.43,0.106,0.051,0.757
36.839,-5.01,5.95,-0.43,-5.01,5.95,-0.43,0.105,0.048,0.737
36.871,-5.05,5.91,-0.45,-5.05,5.91,-0.45,0.104,0.049,0.728
36.888,-5.04,5.88,-0.46,-5.04,5.88,-0.46,0.103,0.049,0.726
36.921,-5.07,5.88,-0.46,-5.07,5.88,-0.46,0.102,0.046,0.726
36.966,-5.09,5.51,-0.49,-5.09,5.51,-0.49,0.101,0.049,0.713
37.001,-5.08,5.14,-0.47,-5.08,5.14,-0.47,0.099,0.046,0.701
37.030,-5.06,5.09,-0.44,-5.06,5.09,-0.44,0.097,0.044,0.690
37.067,-5.08,5.07,-0.44,-5.08,5.07,-0.44,0.087,0.039,0.672
37.095,-5.15,5.02,-0.40,-5.15,5.02,-0.40,0.084,0.037,0.662
37.142,-5.18,4.93,-0.44,-5.18,4.93,-0.44,0.085,0.038,0.647
37.175,-5.16,4.88,-0.46,-5.16,4.88,-0.46,0.082,0.036,0.622
37.193,-5.17,4.86,-0.47,-5.17,4.86,-0.47,0.082,0.037,0.612
37.227,-5.15,4.71,-0.53,-5.15,4.71,-0.53,0.083,0.037,0.587
37.261,-4.95,4.42,-0.70,-4.95,4.42,-0.70,0.080,0.028,0.563
37.278,-4.88,4.16,-0.87,-4.88,4.16,-0.87,0.073,0.029,0.551
37.312,-4.70,3.83,-1.00,-4.70,3.83,-1.00,0.072,0.025,0.532
37.366,-4.35,3.58,-1.22,-4.35,3.58,-1.22,0.078,0.028,0.492
37.400,-4.04,3.42,-1.17,-4.04,3.42,-1.17,0.082,0.029,0.449
37.430,-3.97,3.24,-1.21,-3.97,3.24,-1.21,0.086,0.033,0.418
37.478,-3.74,3.09,-1.18,-3.74,3.09,-1.18,0.091,0.035,0.327
37.496,-3.66,3.05,-1.17,-3.66,3.05,-1.17,0.091,0.036,0.299
37.516,-3.55,2.99,-1.22,-3.55,2.99,-1.22,0.093,0.038,0.159
37.542,-3.32,2.73,-1.26,-3.32,2.73,-1.26,0.098,0.038,0.055
37.574,-3.13,2.41,-1.36,-3.13,2.41,-1.36,0.103,0.041,0.012
37.606,-2.71,1.77,-1.45,-2.71,1.77,-1.45,0.105,0.047,0.002
37.640,-2.51,1.21,-1.43,-2.51,1.21,-1.43,0.110,0.048,0.000
37.671,-2.25,1.03,-1.41,-2.25,1.03,-1.41,0.113,0.047,0.000
37.702,-2.27,0.96,-1.47,-2.27,0.96,-1.47,0.107,0.047,0.000
37.735,-1.99,0.69,-1.45,-1.99,0.69,-1.45,0.106,0.049,0.000
37.814,-1.64,0.68,-1.28,-1.64,0.68,-1.28,0.101,0.053,0.000
37.832,-1.59,0.66,-1.26,-1.59,0.66,-1.26,0.097,0.053,0.000
37.850,-1.56,0.67,-1.25,-1.56,0.67,-1.25,0.093,0.054,0.000
37.879,-1.42,0.38,-1.16,-1.42,0.38,-1.16,0.087,0.054,0.000
37.910,-1.29,0.38,-1.04,-1.29,0.38,-1.04,0.082,0.056,0.000
37.943,-1.04,0.24,-0.88,-1.04,0.24,-0.88,0.064,0.047,0.000
37.974,-0.67,-0.32,-0.65,-0.67,-0.32,-0.65,0.052,0.040,0.000
38.005,0.02,-0.58,-0.52,0.02,-0.58,-0.52,0.061,0.041,0.000
38.037,1.19,-1.30,-0.56,1.19,-1.30,-0.56,0.059,0.037,0.000
38.088,2.15,-1.99,-0.70,2.15,-1.99,-0.70,0.081,0.052,0.000
38.118,3.38,-2.05,-0.79,3.38,-2.05,-0.79,0.087,0.059,0.000
38.149,4.36,-2.15,-0.89,4.36,-2.15,-0.89,0.100,0.066,0.000
38.182,5.54,-2.37,-0.89,5.54,-2.37,-0.89,0.111,0.078,0.000
38.214,6.46,-2.43,-0.78,6.46,-2.43,-0.78,0.123,0.093,0.000
38.245,6.93,-2.80,-0.77,6.93,-2.80,-0.77,0.118,0.091,0.000
38.282,7.88,-3.33,-0.81,7.88,-3.33,-0.81,0.119,0.090,0.000
38.309,8.48,-3.44,-0.88,8.48,-3.44,-0.88,0.117,0.094,0.000
38.342,8.76,-3.72,-0.72,8.76,-3.72,-0.72,0.120,0.094,0.000
38.390,9.25,-4.25,-0.84,9.25,-4.25,-0.84,0.134,0.108,0.000
38.424,9.43,-4.11,-0.67,9.43,-4.11,-0.67,0.135,0.105,0.000
38.453,9.74,-4.24,-0.84,9.74,-4.24,-0.84,0.144,0.112,0.000
38.487,10.31,-4.02,-0.80,10.31,-4.02,-0.80,0.138,0.122,0.000
38.518,10.58,-4.29,-0.86,10.58,-4.29,-0.86,0.141,0.132,0.000
38.550,10.79,-4.42,-0.89,10.79,-4.42,-0.89,0.135,0.134,0.000
38.582,11.00,-4.26,-0.79,11.00,-4.26,-0.79,0.132,0.131,0.000
38.613,10.83,-4.36,-0.84,10.83,-4.36,-0.84,0.120,0.124,0.000
38.645,11.06,-4.17,-0.92,11.06,-4.17,-0.92,0.111,0.117,0.000
38.693,11.07,-4.02,-0.79,11.07,-4.02,-0.79,0.108,0.117,0.000
38.725,11.01,-3.98,-0.80,11.01,-3.98,-0.80,0.101,0.113,0.000
38.759,10.99,-3.90,-0.81,10.99,-3.90,-0.81,0.106,0.118,0.000
38.789,11.07,-3.96,-0.84,11.07,-3.96,-0.84,0.113,0.121,0.000
38.821,10.96,-3.85,-0.90,10.96,-3.85,-0.90,0.113,0.120,0.000
38.853,10.89,-3.82,-1.02,10.89,-3.82,-1.02,0.110,0.119,0.000
38.886,10.96,-3.86,-0.98,10.96,-3.86,-0.98,0.118,0.127,0.000
38.918,11.03,-3.86,-0.97,11.03,-3.86,-0.97,0.123,0.131,0.000
38.951,11.12,-3.86,-1.02,11.12,-3.86,-1.02,0.128,0.136,0.000
38.998,11.12,-3.82,-1.07,11.12,-3.82,-1.07,0.125,0.133,0.000
39.029,11.15,-3.81,-1.02,11.15,-3.81,-1.02,0.123,0.132,0.000
39.063,11.17,-3.82,-1.05,11.17,-3.82,-1.05,0.120,0.129,0.000
39.099,11.18,-3.81,-1.04,11.18,-3.81,-1.04,0.119,0.128,0.000
39.125,11.14,-3.75,-0.97,11.14,-3.75,-0.97,0.120,0.130,0.000
39.158,11.19,-3.66,-0.95,11.19,-3.66,-0.95,0.121,0.129,0.000
39.190,11.20,-3.66,-0.95,11.20,-3.66,-0.95,0.124,0.129,0.000
39.221,11.21,-3.64,-0.94,11.21,-3.64,-0.94,0.125,0.128,0.000
39.254,11.20,-3.68,-0.97,11.20,-3.68,-0.97,0.125,0.129,0.000
39.302,11.29,-3.65,-1.02,11.29,-3.65,-1.02,0.125,0.128,0.000
39.335,11.33,-3.48,-1.04,11.33,-3.48,-1.04,0.123,0.124,0.000
39.353,11.36,-3.42,-1.04,11.36,-3.42,-1.04,0.122,0.123,0.000
39.398,11.45,-3.40,-1.03,11.45,-3.40,-1.03,0.124,0.134,0.000
39.433,11.79,-3.53,-0.96,11.79,-3.53,-0.96,0.192,0.179,0.000
39.462,11.52,-3.70,-1.16,11.52,-3.70,-1.16,0.486,0.569,0.000
39.493,10.81,-3.33,-1.08,10.81,-3.33,-1.08,0.637,0.674,0.000
39.525,7.97,-2.28,-0.41,7.97,-2.28,-0.41,0.638,0.594,0.000
39.557,4.74,-2.55,-0.16,4.74,-2.55,-0.16,0.475,0.450,0.000
39.590,2.35,-2.33,-0.03,2.35,-2.33,-0.03,0.294,0.277,0.000
39.637,-0.39,-1.20,0.31,-0.39,-1.20,0.31,0.177,0.164,0.000
39.670,-1.13,-1.15,0.13,-1.13,-1.15,0.13,0.156,0.123,0.000
39.697,-1.41,-0.77,0.14,-1.41,-0.77,0.14,0.133,0.100,0.000
39.716,-2.00,-1.03,0.10,-2.00,-1.03,0.10,0.122,0.078,0.000
39.768,-3.88,-2.41,0.38,-3.88,-2.41,0.38,0.103,0.049,0.000
39.799,-4.97,-2.49,0.24,-4.97,-2.49,0.24,0.660,0.559,0.000
39.830,-5.32,-2.09,0.27,-5.32,-2.09,0.27,0.747,0.695,0.000
39.862,-5.35,-2.04,0.43,-5.35,-2.04,0.43,0.720,0.648,0.000
39.893,-5.67,-1.73,0.41,-5.67,-1.73,0.41,0.719,0.599,0.000
39.942,-5.63,-1.75,0.65,-5.63,-1.75,0.65,0.236,0.224,0.000
39.975,-5.37,-1.71,0.80,-5.37,-1.71,0.80,0.103,0.076,0.000
39.992,-5.27,-1.71,0.93,-5.27,-1.71,0.93,0.076,0.044,0.000
40.006,-5.35,-1.57,1.00,-5.35,-1.57,1.00,0.062,0.029,0.000
40.038,-5.26,-1.45,1.17,-5.26,-1.45,1.17,0.045,0.018,0.000
40.069,-5.32,-1.35,1.25,-5.32,-1.35,1.25,0.044,0.015,0.000
40.105,-5.26,-1.48,1.24,-5.26,-1.48,1.24,0.041,0.014,0.000
40.134,-5.21,-1.51,1.19,-5.21,-1.51,1.19,0.042,0.013,0.000
40.199,-5.41,-1.60,1.27,-5.41,-1.60,1.27,0.039,0.014,0.000
40.246,-5.65,-1.72,1.31,-5.65,-1.72,1.31,0.036,0.014,0.000
40.279,-5.67,-1.64,1.30,-5.67,-1.64,1.30,0.035,0.014,0.000
40.296,-5.67,-1.61,1.30,-5.67,-1.61,1.30,0.034,0.014,0.000
40.314,-5.70,-1.60,1.27,-5.70,-1.60,1.27,0.035,0.014,0.000
40.342,-5.75,-1.58,1.27,-5.75,-1.58,1.27,0.035,0.013,0.000
40.374,-5.83,-1.62,1.26,-5.83,-1.62,1.26,0.035,0.014,0.000
40.405,-5.83,-1.64,1.23,-5.83,-1.64,1.23,0.037,0.014,0.000
40.445,-5.86,-1.71,1.20,-5.86,-1.71,1.20,0.036,0.014,0.000
40.468,-5.85,-1.71,1.16,-5.85,-1.71,1.16,0.035,0.015,0.000
40.502,-5.85,-1.67,1.09,-5.85,-1.67,1.09,0.033,0.015,0.000
40.550,-5.89,-1.65,1.06,-5.89,-1.65,1.06,0.031,0.015,0.000
40.582,-5.87,-1.65,1.01,-5.87,-1.65,1.01,0.033,0.016,0.000
40.614,-5.86,-1.63,1.02,-5.86,-1.63,1.02,0.034,0.017,0.000
40.648,-6.06,-2.01,0.89,-6.06,-2.01,0.89,0.552,0.496,0.000
40.679,-5.98,-2.05,0.62,-5.98,-2.05,0.62,0.746,0.725,0.000
40.711,-5.96,-1.84,0.58,-5.96,-1.84,0.58,0.788,0.770,0.000
40.742,-5.93,-1.74,0.56,-5.93,-1.74,0.56,0.797,0.770,0.000
40.775,-5.95,-1.60,0.46,-5.95,-1.60,0.46,0.790,0.770,0.000
40.806,-5.98,-1.60,0.51,-5.98,-1.60,0.51,0.746,0.710,0.000
40.853,-6.01,-1.66,0.44,-6.01,-1.66,0.44,0.659,0.701,0.000
40.887,-6.04,-1.70,0.54,-6.04,-1.70,0.54,0.394,0.288,0.000
40.919,-6.05,-1.81,0.62,-6.05,-1.81,0.62,0.144,0.092,0.000
40.951,-6.01,-1.80,0.63,-6.01,-1.80,0.63,0.081,0.038,0.000
40.982,-5.97,-1.71,0.63,-5.97,-1.71,0.63,0.052,0.027,0.000
41.014,-5.97,-1.70,0.64,-5.97,-1.70,0.64,0.035,0.018,0.000
41.046,-5.96,-1.60,0.65,-5.96,-1.60,0.65,0.032,0.016,0.000
41.079,-5.97,-1.53,0.65,-5.97,-1.53,0.65,0.032,0.015,0.000
41.116,-5.97,-1.53,0.64,-5.97,-1.53,0.64,0.029,0.015,0.000
41.158,-5.96,-1.50,0.69,-5.96,-1.50,0.69,0.030,0.016,0.000
41.191,-5.88,-1.38,0.68,-5.88,-1.38,0.68,0.029,0.015,0.000
41.222,-5.85,-1.32,0.70,-5.85,-1.32,0.70,0.028,0.016,0.000
41.254,-5.79,-1.27,0.70,-5.79,-1.27,0.70,0.028,0.016,0.000
41.287,-5.77,-1.28,0.70,-5.77,-1.28,0.70,0.028,0.016,0.000
41.320,-5.72,-1.32,0.69,-5.72,-1.32,0.69,0.031,0.016,0.000
41.349,-5.70,-1.30,0.70,-5.70,-1.30,0.70,0.030,0.016,0.000
41.381,-5.69,-1.31,0.69,-5.69,-1.31,0.69,0.029,0.016,0.000
41.414,-5.60,-1.22,0.68,-5.60,-1.22,0.68,0.030,0.016,0.000
41.448,-5.59,-1.45,0.72,-5.59,-1.45,0.72,0.031,0.016,0.000
41.493,-5.79,-1.78,0.46,-5.79,-1.78,0.46,0.657,0.612,0.000
41.527,-5.90,-1.68,0.41,-5.90,-1.68,0.41,0.763,0.773,0.000
41.558,-5.89,-1.61,0.29,-5.89,-1.61,0.29,0.801,0.788,0.000
41.591,-5.92,-1.54,0.38,-5.92,-1.54,0.38,0.793,0.796,0.000
41.623,-5.93,-1.53,0.37,-5.93,-1.53,0.37,0.792,0.782,0.000
41.653,-5.98,-1.48,0.36,-5.98,-1.48,0.36,0.781,0.767,0.000
41.685,-5.95,-1.47,0.33,-5.95,-1.47,0.33,0.735,0.710,0.000
41.718,-6.02,-1.65,0.11,-6.02,-1.65,0.11,0.702,0.509,0.000
41.754,-5.97,-1.82,0.31,-5.97,-1.82,0.31,0.262,0.159,0.000
41.800,-5.83,-1.92,0.41,-5.83,-1.92,0.41,0.079,0.044,0.000
41.829,-5.79,-1.89,0.49,-5.79,-1.89,0.49,0.047,0.023,0.000
41.863,-5.81,-1.99,0.53,-5.81,-1.99,0.53,0.038,0.019,0.000
41.894,-5.82,-1.97,0.54,-5.82,-1.97,0.54,0.031,0.017,0.000
41.927,-5.80,-1.97,0.55,-5.80,-1.97,0.55,0.028,0.014,0.000
41.960,-5.80,-2.00,0.60,-5.80,-2.00,0.60,0.025,0.013,0.000
41.990,-5.79,-1.97,0.63,-5.79,-1.97,0.63,0.025,0.013,0.000
42.022,-5.79,-1.96,0.66,-5.79,-1.96,0.66,0.024,0.014,0.000
42.053,-5.79,-1.99,0.64,-5.79,-1.99,0.64,0.028,0.015,0.000
42.104,-5.82,-1.99,0.68,-5.82,-1.99,0.68,0.029,0.016,0.000
42.136,-5.82,-1.98,0.69,-5.82,-1.98,0.69,0.031,0.017,0.000
42.155,-5.82,-1.98,0.69,-5.82,-1.98,0.69,0.032,0.018,0.000
42.200,-5.84,-2.04,0.05,-5.84,-2.04,0.05,0.587,0.459,0.000
42.232,-5.81,-1.54,-0.03,-5.81,-1.54,-0.03,0.768,0.754,0.000
42.262,-5.83,-1.54,0.05,-5.83,-1.54,0.05,0.774,0.765,0.000
42.295,-5.84,-1.57,-0.02,-5.84,-1.57,-0.02,0.720,0.648,0.000
42.327,-5.85,-1.60,-0.04,-5.85,-1.60,-0.04,0.644,0.643,0.000
42.360,-5.88,-1.89,0.04,-5.88,-1.89,0.04,0.339,0.301,0.000
42.409,-5.85,-1.85,0.25,-5.85,-1.85,0.25,0.112,0.100,0.000
42.438,-5.82,-1.86,0.28,-5.82,-1.86,0.28,0.082,0.043,0.000
42.456,-5.79,-1.85,0.30,-5.79,-1.85,0.30,0.076,0.035,0.000
42.473,-5.75,-1.80,0.34,-5.75,-1.80,0.34,0.065,0.029,0.000
42.503,-5.68,-1.75,0.34,-5.68,-1.75,0.34,0.054,0.022,0.000
42.533,-5.65,-1.67,0.33,-5.65,-1.67,0.33,0.048,0.019,0.000
42.601,-5.63,-1.66,0.38,-5.63,-1.66,0.38,0.037,0.016,0.000
42.630,-5.62,-1.65,0.41,-5.62,-1.65,0.41,0.035,0.016,0.000
42.661,-5.66,-1.60,0.42,-5.66,-1.60,0.42,0.035,0.016,0.000
42.711,-5.64,-1.58,0.42,-5.64,-1.58,0.42,0.038,0.018,0.000
42.742,-5.61,-1.58,0.45,-5.61,-1.58,0.45,0.036,0.017,0.000
42.760,-5.59,-1.60,0.46,-5.59,-1.60,0.46,0.036,0.017,0.000
42.782,-5.57,-1.60,0.47,-5.57,-1.60,0.47,0.036,0.016,0.000
42.808,-5.56,-1.60,0.49,-5.56,-1.60,0.49,0.037,0.017,0.000
42.838,-5.54,-1.61,0.48,-5.54,-1.61,0.48,0.036,0.017,0.000
42.870,-5.53,-1.63,0.48,-5.53,-1.63,0.48,0.036,0.017,0.000
42.903,-5.52,-1.69,0.48,-5.52,-1.69,0.48,0.036,0.017,0.000
42.934,-5.56,-1.73,0.49,-5.56,-1.73,0.49,0.033,0.016,0.000
43.018,-5.57,-1.66,0.51,-5.57,-1.66,0.51,0.035,0.017,0.000
43.048,-5.57,-1.65,0.51,-5.57,-1.65,0.51,0.035,0.017,0.000
43.062,-5.57,-1.65,0.51,-5.57,-1.65,0.51,0.035,0.017,0.000
43.081,-5.60,-1.66,0.50,-5.60,-1.66,0.50,0.035,0.017,0.000
43.111,-5.62,-1.64,0.51,-5.62,-1.64,0.51,0.036,0.018,0.000
43.146,-5.65,-1.66,0.51,-5.65,-1.66,0.51,0.036,0.018,0.000
43.174,-5.68,-1.70,0.51,-5.68,-1.70,0.51,0.036,0.018,0.000
43.205,-5.68,-1.67,0.51,-5.68,-1.67,0.51,0.036,0.018,0.000
43.236,-5.71,-1.67,0.50,-5.71,-1.67,0.50,0.036,0.018,0.000
43.269,-5.73,-1.66,0.49,-5.73,-1.66,0.49,0.037,0.019,0.000
43.319,-5.75,-1.75,0.49,-5.75,-1.75,0.49,0.038,0.019,0.000
43.351,-5.76,-1.76,0.49,-5.76,-1.76,0.49,0.047,0.026,0.000
43.383,-5.91,-1.96,0.38,-5.91,-1.96,0.38,0.249,0.258,0.000
43.415,-6.05,-2.15,0.18,-6.05,-2.15,0.18,0.716,0.671,0.000
43.446,-6.09,-2.07,0.05,-6.09,-2.07,0.05,0.763,0.696,0.000
43.481,-6.15,-2.07,-0.05,-6.15,-2.07,-0.05,0.657,0.551,0.000
43.510,-6.14,-2.07,-0.02,-6.14,-2.07,-0.02,0.624,0.442,0.000
43.541,-6.18,-2.13,0.04,-6.18,-2.13,0.04,0.272,0.224,0.000
43.573,-6.18,-2.13,0.05,-6.18,-2.13,0.05,0.135,0.084,0.000
43.605,-6.14,-2.12,0.07,-6.14,-2.12,0.07,0.071,0.039,0.000
43.656,-6.04,-1.95,0.15,-6.04,-1.95,0.15,0.051,0.029,0.000
43.689,-5.96,-1.85,0.15,-5.96,-1.85,0.15,0.052,0.026,0.000
43.718,-5.93,-1.79,0.16,-5.93,-1.79,0.16,0.053,0.025,0.000
43.751,-5.93,-1.79,0.15,-5.93,-1.79,0.15,0.059,0.029,0.000
43.782,-6.11,-2.03,-0.05,-6.11,-2.03,-0.05,0.606,0.592,0.000
43.817,-5.95,-1.96,-0.30,-5.95,-1.96,-0.30,0.737,0.760,0.000
43.846,-6.00,-1.87,-0.30,-6.00,-1.87,-0.30,0.755,0.759,0.000
43.880,-6.02,-1.90,-0.40,-6.02,-1.90,-0.40,0.709,0.645,0.000
43.914,-6.10,-1.97,-0.44,-6.10,-1.97,-0.44,0.657,0.576,0.000
43.958,-6.17,-2.06,-0.36,-6.17,-2.06,-0.36,0.335,0.290,0.000
43.990,-6.12,-2.22,-0.27,-6.12,-2.22,-0.27,0.151,0.136,0.000
44.022,-6.05,-2.30,-0.15,-6.05,-2.30,-0.15,0.079,0.056,0.000
44.054,-5.96,-2.31,0.06,-5.96,-2.31,0.06,0.058,0.035,0.000
44.087,-5.80,-2.25,0.33,-5.80,-2.25,0.33,0.052,0.030,0.000
44.120,-5.77,-2.22,0.55,-5.77,-2.22,0.55,0.061,0.034,0.000
44.153,-5.43,-2.16,0.58,-5.43,-2.16,0.58,0.067,0.036,0.000
44.181,-5.20,-2.07,0.57,-5.20,-2.07,0.57,0.072,0.038,0.000
44.213,-4.81,-1.89,0.55,-4.81,-1.89,0.55,0.076,0.039,0.000
44.263,-4.64,-1.88,0.46,-4.64,-1.88,0.46,0.069,0.038,0.000
44.297,-4.15,-2.04,0.38,-4.15,-2.04,0.38,0.071,0.037,0.000
44.327,-3.94,-1.94,0.41,-3.94,-1.94,0.41,0.076,0.042,0.000
44.358,-3.89,-1.87,0.40,-3.89,-1.87,0.40,0.077,0.047,0.000
44.389,-3.87,-1.48,0.36,-3.87,-1.48,0.36,0.071,0.050,0.000
44.422,-3.32,-1.18,0.47,-3.32,-1.18,0.47,0.068,0.047,0.000
44.454,-2.65,-0.73,0.51,-2.65,-0.73,0.51,0.067,0.044,0.000
44.488,-1.48,-1.70,0.49,-1.48,-1.70,0.49,0.065,0.031,0.000
44.517,0.16,-1.87,0.50,0.16,-1.87,0.50,0.066,0.031,0.000
44.567,2.35,-2.43,0.29,2.35,-2.43,0.29,0.069,0.036,0.000
44.599,3.73,-2.59,0.09,3.73,-2.59,0.09,0.067,0.040,0.000
44.630,4.76,-2.47,-0.05,4.76,-2.47,-0.05,0.067,0.047,0.000
44.662,5.82,-2.41,-0.08,5.82,-2.41,-0.08,0.069,0.051,0.000
44.695,6.84,-2.63,-0.12,6.84,-2.63,-0.12,0.068,0.059,0.000
44.726,7.48,-2.58,-0.15,7.48,-2.58,-0.15,0.065,0.059,0.000
44.763,7.40,-2.82,-0.10,7.40,-2.82,-0.10,0.068,0.063,0.000
44.789,7.73,-2.73,-0.02,7.73,-2.73,-0.02,0.071,0.061,0.000
44.825,7.98,-2.50,0.08,7.98,-2.50,0.08,0.068,0.054,0.000
44.869,8.06,-2.55,0.21,8.06,-2.55,0.21,0.070,0.051,0.000
44.902,8.12,-2.36,0.34,8.12,-2.36,0.34,0.072,0.055,0.000
44.915,8.14,-2.31,0.37,8.14,-2.31,0.37,0.073,0.056,0.000
44.966,8.39,-2.42,0.61,8.39,-2.42,0.61,0.077,0.067,0.000
44.998,8.55,-2.53,0.65,8.55,-2.53,0.65,0.081,0.070,0.000
45.029,8.46,-2.49,0.65,8.46,-2.49,0.65,0.084,0.075,0.000
45.061,8.45,-2.43,0.61,8.45,-2.43,0.61,0.090,0.078,0.000
45.094,8.51,-2.51,0.57,8.51,-2.51,0.57,0.094,0.081,0.000
45.127,8.50,-2.63,0.56,8.50,-2.63,0.56,0.100,0.092,0.000
45.176,8.55,-2.56,0.77,8.55,-2.56,0.77,0.097,0.096,0.000
45.207,8.53,-2.56,0.91,8.53,-2.56,0.91,0.097,0.098,0.000
45.228,8.52,-2.59,0.99,8.52,-2.59,0.99,0.098,0.094,0.000
45.248,8.42,-2.58,1.08,8.42,-2.58,1.08,0.095,0.088,0.000
45.271,8.30,-2.60,1.20,8.30,-2.60,1.20,0.093,0.086,0.000
45.302,7.92,-2.61,1.34,7.92,-2.61,1.34,0.098,0.092,0.000
45.335,7.77,-2.60,1.57,7.77,-2.60,1.57,0.100,0.086,0.000
45.397,7.31,-2.54,1.81,7.31,-2.54,1.81,0.095,0.074,0.000
45.431,7.18,-2.53,1.83,7.18,-2.53,1.83,0.096,0.075,0.000
45.478,6.90,-2.01,1.84,6.90,-2.01,1.84,0.102,0.083,0.000
45.510,6.72,-2.01,1.92,6.72,-2.01,1.92,0.101,0.081,0.000
45.532,6.72,-1.99,1.91,6.72,-1.99,1.91,0.105,0.081,0.000
45.547,6.67,-1.94,1.95,6.67,-1.94,1.95,0.113,0.087,0.000
45.573,6.65,-1.74,1.92,6.65,-1.74,1.92,0.123,0.093,0.000
45.606,6.64,-1.62,1.87,6.64,-1.62,1.87,0.134,0.103,0.000
45.641,6.59,-1.57,1.82,6.59,-1.57,1.82,0.135,0.101,0.000
45.669,6.63,-1.45,1.77,6.63,-1.45,1.77,0.134,0.103,0.000
45.702,6.65,-1.29,1.89,6.65,-1.29,1.89,0.121,0.097,0.000
45.733,6.66,-1.13,1.85,6.66,-1.13,1.85,0.124,0.098,0.000
45.813,6.59,-0.66,1.89,6.59,-0.66,1.89,0.131,0.110,0.000
45.848,6.56,-0.66,1.94,6.56,-0.66,1.94,0.134,0.109,0.000
45.865,6.58,-0.68,1.93,6.58,-0.68,1.93,0.133,0.108,0.000
45.883,6.60,-0.69,1.91,6.60,-0.69,1.91,0.132,0.107,0.000
45.910,6.67,-0.55,1.85,6.67,-0.55,1.85,0.129,0.110,0.000
45.942,6.71,-0.47,1.77,6.71,-0.47,1.77,0.126,0.112,0.000
45.974,6.81,-0.52,1.65,6.81,-0.52,1.65,0.121,0.109,0.000
46.008,6.86,-0.52,1.64,6.86,-0.52,1.64,0.117,0.107,0.000
46.039,7.00,-0.47,1.62,7.00,-0.47,1.62,0.117,0.107,0.000
46.070,7.15,-0.38,1.58,7.15,-0.38,1.58,0.115,0.109,0.000
46.119,7.15,-0.39,1.58,7.15,-0.39,1.58,0.116,0.110,0.000
46.149,7.15,-0.40,1.56,7.15,-0.40,1.56,0.114,0.110,0.000
46.185,7.17,-0.35,1.59,7.17,-0.35,1.59,0.114,0.109,0.000
46.214,7.31,-0.34,1.62,7.31,-0.34,1.62,0.115,0.108,0.000
46.246,7.39,-0.55,1.54,7.39,-0.55,1.54,0.110,0.097,0.000
46.279,7.35,-0.29,1.59,7.35,-0.29,1.59,0.102,0.104,0.000
46.309,6.93,-0.64,1.10,6.93,-0.64,1.10,0.111,0.096,0.000
46.342,6.90,-0.93,0.61,6.90,-0.93,0.61,0.119,0.087,0.000
46.372,6.46,-2.12,0.15,6.46,-2.12,0.15,0.122,0.072,0.000
46.421,6.03,-3.81,-0.11,6.03,-3.81,-0.11,0.116,0.063,0.000
46.453,5.95,-5.37,-0.29,5.95,-5.37,-0.29,0.141,0.078,0.000
46.486,5.78,-6.16,-0.50,5.78,-6.16,-0.50,0.224,0.143,0.000
46.520,5.57,-6.65,-0.64,5.57,-6.65,-0.64,0.270,0.224,0.000
46.550,5.33,-6.37,-0.91,5.33,-6.37,-0.91,0.272,0.216,0.000
46.583,5.37,-6.29,-1.25,5.37,-6.29,-1.25,0.310,0.235,0.000
46.616,5.07,-5.85,-1.24,5.07,-5.85,-1.24,0.287,0.211,0.000
46.645,4.26,-5.51,-1.13,4.26,-5.51,-1.13,0.251,0.196,0.000
46.677,3.26,-5.61,-1.14,3.26,-5.61,-1.14,0.239,0.186,0.000
46.726,1.20,-5.27,-1.69,1.20,-5.27,-1.69,0.211,0.172,0.000
46.757,-0.24,-4.43,-2.18,-0.24,-4.43,-2.18,0.221,0.170,0.000
46.789,-1.00,-3.72,-2.51,-1.00,-3.72,-2.51,0.192,0.116,0.000
46.821,-1.70,-3.55,-3.05,-1.70,-3.55,-3.05,0.178,0.094,0.000
46.855,-2.25,-3.03,-3.40,-2.25,-3.03,-3.40,0.184,0.099,0.000
46.885,-2.46,-2.63,-3.42,-2.46,-2.63,-3.42,0.205,0.100,0.000
46.919,-2.91,-1.99,-3.25,-2.91,-1.99,-3.25,0.191,0.094,0.000
46.949,-3.10,-1.86,-2.90,-3.10,-1.86,-2.90,0.204,0.100,0.000
46.981,-3.13,-1.89,-2.37,-3.13,-1.89,-2.37,0.200,0.093,0.000
47.029,-3.48,-1.76,-1.64,-3.48,-1.76,-1.64,0.164,0.078,0.000
47.061,-3.81,-2.00,-1.10,-3.81,-2.00,-1.10,0.092,0.052,0.000
47.094,-4.15,-2.06,-0.77,-4.15,-2.06,-0.77,0.065,0.038,0.000
47.127,-4.45,-2.08,-0.33,-4.45,-2.08,-0.33,0.050,0.027,0.000
47.157,-4.54,-1.98,-0.06,-4.54,-1.98,-0.06,0.042,0.023,0.000
47.191,-4.60,-1.77,0.11,-4.60,-1.77,0.11,0.040,0.021,0.000
47.221,-4.54,-1.74,0.31,-4.54,-1.74,0.31,0.040,0.018,0.000
47.254,-4.48,-1.66,0.38,-4.48,-1.66,0.38,0.033,0.013,0.000
47.286,-4.46,-1.61,0.40,-4.46,-1.61,0.40,0.020,0.009,0.000
47.334,-4.32,-1.64,0.33,-4.32,-1.64,0.33,0.019,0.009,0.000
47.369,-4.29,-1.35,0.46,-4.29,-1.35,0.46,0.017,0.008,0.000
47.398,-4.47,-0.99,0.52,-4.47,-0.99,0.52,0.017,0.010,0.000
47.429,-4.57,-0.80,0.54,-4.57,-0.80,0.54,0.016,0.010,0.000
47.461,-4.58,-0.66,0.56,-4.58,-0.66,0.56,0.017,0.009,0.000
47.492,-4.62,-0.53,0.54,-4.62,-0.53,0.54,0.016,0.009,0.000
47.527,-4.64,-0.53,0.59,-4.64,-0.53,0.59,0.016,0.008,0.000
47.558,-4.63,-0.54,0.59,-4.63,-0.54,0.59,0.015,0.008,0.000
47.591,-4.57,-0.37,0.64,-4.57,-0.37,0.64,0.016,0.008,0.000
47.638,-4.47,-0.17,0.63,-4.47,-0.17,0.63,0.016,0.009,0.000
47.669,-4.35,-0.15,0.56,-4.35,-0.15,0.56,0.017,0.009,0.000
47.683,-4.33,-0.14,0.56,-4.33,-0.14,0.56,0.018,0.009,0.000
47.703,-4.27,-0.13,0.55,-4.27,-0.13,0.55,0.018,0.009,0.000
47.767,-4.14,-0.08,0.69,-4.14,-0.08,0.69,0.028,0.019,0.000
47.799,-3.52,-0.22,0.64,-3.52,-0.22,0.64,0.037,0.029,0.000
47.830,-2.88,-0.11,0.53,-2.88,-0.11,0.53,0.053,0.039,0.000
47.866,-2.53,-0.36,0.27,-2.53,-0.36,0.27,0.059,0.034,0.000
47.893,-2.34,-0.45,0.07,-2.34,-0.45,0.07,0.065,0.034,0.000
47.925,-2.14,-0.70,-0.05,-2.14,-0.70,-0.05,0.072,0.034,0.000
47.974,-2.12,-0.67,-0.10,-2.12,-0.67,-0.10,0.079,0.035,0.000
48.007,-2.02,-0.76,-0.16,-2.02,-0.76,-0.16,0.076,0.031,0.000
48.027,-1.99,-0.81,-0.17,-1.99,-0.81,-0.17,0.075,0.030,0.000
48.045,-1.95,-0.75,-0.19,-1.95,-0.75,-0.19,0.074,0.030,0.000
48.071,-1.89,-0.81,-0.21,-1.89,-0.81,-0.21,0.073,0.029,0.000
48.103,-1.88,-0.77,-0.21,-1.88,-0.77,-0.21,0.073,0.029,0.000
48.134,-1.86,-0.77,-0.24,-1.86,-0.77,-0.24,0.072,0.028,0.000
48.203,-1.88,-0.71,-0.27,-1.88,-0.71,-0.27,0.071,0.028,0.000
48.231,-1.88,-0.72,-0.29,-1.88,-0.72,-0.29,0.071,0.028,0.000
48.278,-1.86,-0.73,-0.34,-1.86,-0.73,-0.34,0.070,0.026,0.000
48.310,-1.84,-0.74,-0.37,-1.84,-0.74,-0.37,0.068,0.025,0.000
48.327,-1.83,-0.75,-0.38,-1.83,-0.75,-0.38,0.068,0.025,0.000
48.351,-1.81,-0.73,-0.41,-1.81,-0.73,-0.41,0.066,0.025,0.000
48.374,-1.79,-0.72,-0.39,-1.79,-0.72,-0.39,0.064,0.025,0.000
48.405,-1.74,-0.76,-0.41,-1.74,-0.76,-0.41,0.064,0.025,0.000
48.438,-1.68,-0.76,-0.41,-1.68,-0.76,-0.41,0.062,0.024,0.000
48.468,-1.64,-0.78,-0.41,-1.64,-0.78,-0.41,0.062,0.023,0.000
48.501,-1.62,-0.83,-0.41,-1.62,-0.83,-0.41,0.060,0.022,0.000
48.581,-1.55,-0.79,-0.43,-1.55,-0.79,-0.43,0.056,0.022,0.000
48.613,-1.48,-0.79,-0.42,-1.48,-0.79,-0.42,0.054,0.022,0.000
48.632,-1.44,-0.77,-0.42,-1.44,-0.77,-0.42,0.053,0.021,0.000
48.650,-1.44,-0.81,-0.40,-1.44,-0.81,-0.40,0.051,0.021,0.000
48.678,-1.44,-0.80,-0.44,-1.44,-0.80,-0.44,0.051,0.022,0.000
48.710,-1.45,-0.83,-0.46,-1.45,-0.83,-0.46,0.050,0.022,0.000
48.740,-1.45,-0.88,-0.49,-1.45,-0.88,-0.49,0.052,0.022,0.000
48.772,-1.43,-0.84,-0.49,-1.43,-0.84,-0.49,0.054,0.023,0.000
48.805,-1.38,-0.81,-0.52,-1.38,-0.81,-0.52,0.055,0.024,0.000
48.837,-1.35,-0.81,-0.53,-1.35,-0.81,-0.53,0.053,0.024,0.000
48.888,-1.33,-0.86,-0.52,-1.33,-0.86,-0.52,0.053,0.024,0.000
48.918,-1.32,-0.88,-0.54,-1.32,-0.88,-0.54,0.052,0.023,0.000
48.950,-1.33,-0.84,-0.52,-1.33,-0.84,-0.52,0.051,0.024,0.000
48.983,-1.29,-0.83,-0.52,-1.29,-0.83,-0.52,0.050,0.023,0.000
49.016,-1.30,-0.85,-0.49,-1.30,-0.85,-0.49,0.051,0.024,0.000
49.046,-1.17,-0.81,-0.48,-1.17,-0.81,-0.48,0.052,0.024,0.000
49.080,-1.14,-0.79,-0.48,-1.14,-0.79,-0.48,0.051,0.024,0.000
49.109,-0.98,-0.66,-0.45,-0.98,-0.66,-0.45,0.052,0.024,0.000
49.141,-0.94,-0.68,-0.43,-0.94,-0.68,-0.43,0.051,0.024,0.000
49.189,-0.88,-0.67,-0.38,-0.88,-0.67,-0.38,0.051,0.025,0.000
49.223,-0.85,-0.70,-0.33,-0.85,-0.70,-0.33,0.051,0.025,0.000
49.254,-0.83,-0.72,-0.21,-0.83,-0.72,-0.21,0.051,0.024,0.000
49.287,-0.90,-0.67,-0.08,-0.90,-0.67,-0.08,0.051,0.026,0.000
49.318,-1.09,-0.67,0.03,-1.09,-0.67,0.03,0.052,0.028,0.000
49.350,-1.32,-0.78,0.11,-1.32,-0.78,0.11,0.054,0.033,0.000
49.382,-1.63,-1.01,0.15,-1.63,-1.01,0.15,0.055,0.034,0.000
49.415,-1.79,-1.06,0.21,-1.79,-1.06,0.21,0.053,0.031,0.000
49.445,-2.00,-1.16,0.26,-2.00,-1.16,0.26,0.053,0.030,0.000
49.494,-2.35,-1.11,0.26,-2.35,-1.11,0.26,0.054,0.031,0.000
49.528,-2.59,-1.17,0.33,-2.59,-1.17,0.33,0.052,0.028,0.000
49.559,-2.61,-1.13,0.43,-2.61,-1.13,0.43,0.050,0.027,0.000
49.590,-2.78,-1.11,0.46,-2.78,-1.11,0.46,0.051,0.026,0.000
49.621,-2.87,-1.11,0.53,-2.87,-1.11,0.53,0.049,0.025,0.000
49.653,-2.94,-1.11,0.61,-2.94,-1.11,0.61,0.048,0.024,0.000
49.685,-3.00,-1.11,0.62,-3.00,-1.11,0.62,0.047,0.023,0.000
49.717,-3.07,-1.20,0.64,-3.07,-1.20,0.64,0.047,0.023,0.000
49.749,-3.14,-1.20,0.67,-3.14,-1.20,0.67,0.048,0.023,0.000
49.782,-3.21,-1.10,0.70,-3.21,-1.10,0.70,0.048,0.023,0.000
49.830,-3.23,-1.08,0.73,-3.23,-1.08,0.73,0.048,0.023,0.000
49.861,-3.26,-1.11,0.73,-3.26,-1.11,0.73,0.048,0.023,0.000
49.897,-3.31,-1.10,0.73,-3.31,-1.10,0.73,0.048,0.023,0.000
49.925,-3.32,-1.08,0.72,-3.32,-1.08,0.72,0.048,0.023,0.000
49.959,-3.33,-1.11,0.69,-3.33,-1.11,0.69,0.048,0.023,0.000
49.990,-3.32,-1.12,0.66,-3.32,-1.12,0.66,0.049,0.023,0.000
50.022,-3.31,-1.16,0.65,-3.31,-1.16,0.65,0.051,0.024,0.000
50.055,-3.31,-1.18,0.63,-3.31,-1.18,0.63,0.053,0.024,0.000
50.087,-3.29,-1.18,0.60,-3.29,-1.18,0.60,0.055,0.024,0.000
50.134,-3.30,-1.19,0.60,-3.30,-1.19,0.60,0.053,0.023,0.000
50.168,-3.31,-1.17,0.58,-3.31,-1.17,0.58,0.054,0.024,0.000
50.198,-3.37,-1.25,0.55,-3.37,-1.25,0.55,0.054,0.024,0.000
50.233,-3.40,-1.33,0.50,-3.40,-1.33,0.50,0.054,0.025,0.000
50.262,-3.41,-1.36,0.49,-3.41,-1.36,0.49,0.054,0.026,0.000
50.294,-3.39,-1.40,0.46,-3.39,-1.40,0.46,0.055,0.027,0.000
50.326,-3.40,-1.42,0.46,-3.40,-1.42,0.46,0.055,0.027,0.000
50.358,-3.39,-1.40,0.46,-3.39,-1.40,0.46,0.056,0.027,0.000
50.390,-3.36,-1.38,0.46,-3.36,-1.38,0.46,0.056,0.027,0.000
50.438,-3.43,-1.29,0.43,-3.43,-1.29,0.43,0.055,0.028,0.000
50.471,-3.46,-1.37,0.40,-3.46,-1.37,0.40,0.057,0.028,0.000
50.489,-3.46,-1.37,0.40,-3.46,-1.37,0.40,0.056,0.028,0.000
50.508,-3.49,-1.38,0.42,-3.49,-1.38,0.42,0.056,0.027,0.000
50.567,-3.68,-1.36,0.43,-3.68,-1.36,0.43,0.055,0.026,0.000
50.598,-3.71,-1.33,0.42,-3.71,-1.33,0.42,0.052,0.024,0.000
50.629,-3.74,-1.31,0.37,-3.74,-1.31,0.37,0.048,0.023,0.000
50.661,-3.78,-1.34,0.31,-3.78,-1.34,0.31,0.045,0.022,0.000
50.694,-3.81,-1.34,0.24,-3.81,-1.34,0.24,0.046,0.022,0.000
50.740,-3.84,-1.34,0.12,-3.84,-1.34,0.12,0.052,0.023,0.000
50.774,-3.90,-1.42,0.04,-3.90,-1.42,0.04,0.061,0.026,0.000
50.800,-3.93,-1.46,0.00,-3.93,-1.46,0.00,0.063,0.027,0.000
50.818,-3.94,-1.46,-0.05,-3.94,-1.46,-0.05,0.067,0.029,0.000
50.837,-3.94,-1.47,-0.08,-3.94,-1.47,-0.08,0.066,0.029,0.000
50.870,-3.95,-1.49,-0.13,-3.95,-1.49,-0.13,0.070,0.031,0.000
50.904,-3.92,-1.41,-0.17,-3.92,-1.41,-0.17,0.076,0.033,0.000
50.934,-3.90,-1.39,-0.16,-3.90,-1.39,-0.16,0.077,0.035,0.000
50.998,-3.86,-1.37,-0.18,-3.86,-1.37,-0.18,0.077,0.038,0.000
51.046,-3.84,-1.39,-0.23,-3.84,-1.39,-0.23,0.080,0.040,0.000
51.078,-3.83,-1.39,-0.21,-3.83,-1.39,-0.21,0.082,0.042,0.000
51.096,-3.83,-1.39,-0.21,-3.83,-1.39,-0.21,0.083,0.044,0.000
51.113,-3.82,-1.40,-0.20,-3.82,-1.40,-0.20,0.082,0.043,0.000
51.141,-3.81,-1.37,-0.21,-3.81,-1.37,-0.21,0.083,0.044,0.000
51.172,-3.76,-1.32,-0.24,-3.76,-1.32,-0.24,0.082,0.044,0.000
51.204,-3.73,-1.30,-0.22,-3.73,-1.30,-0.22,0.083,0.043,0.000
51.240,-3.66,-1.32,-0.21,-3.66,-1.32,-0.21,0.083,0.043,0.000
51.270,-3.56,-1.34,-0.20,-3.56,-1.34,-0.20,0.085,0.043,0.000
51.302,-3.48,-1.37,-0.20,-3.48,-1.37,-0.20,0.086,0.044,0.000
51.349,-3.40,-1.44,-0.18,-3.40,-1.44,-0.18,0.087,0.044,0.000
51.382,-3.34,-1.45,-0.15,-3.34,-1.45,-0.15,0.089,0.045,0.000
51.413,-3.29,-1.48,-0.16,-3.29,-1.48,-0.16,0.093,0.050,0.000
51.447,-3.21,-1.55,-0.18,-3.21,-1.55,-0.18,0.100,0.060,0.000
51.478,-3.01,-1.36,-0.13,-3.01,-1.36,-0.13,0.108,0.066,0.000
51.510,-3.00,-1.34,-0.02,-3.00,-1.34,-0.02,0.106,0.066,0.000
51.542,-2.89,-1.34,0.07,-2.89,-1.34,0.07,0.104,0.066,0.000
51.576,-2.76,-1.37,0.08,-2.76,-1.37,0.08,0.084,0.050,0.000
51.606,-2.60,-1.22,0.02,-2.60,-1.22,0.02,0.083,0.049,0.000
51.655,-2.56,-1.20,-0.02,-2.56,-1.20,-0.02,0.081,0.044,0.000
51.689,-2.45,-1.22,-0.12,-2.45,-1.22,-0.12,0.078,0.042,0.000
51.719,-2.29,-1.34,-0.16,-2.29,-1.34,-0.16,0.076,0.037,0.000
51.749,-2.19,-1.34,-0.23,-2.19,-1.34,-0.23,0.075,0.035,0.000
51.781,-2.09,-1.29,-0.26,-2.09,-1.29,-0.26,0.075,0.036,0.000
51.813,-2.04,-1.28,-0.30,-2.04,-1.28,-0.30,0.076,0.037,0.000
51.844,-2.02,-1.31,-0.31,-2.02,-1.31,-0.31,0.074,0.037,0.000
51.878,-2.00,-1.35,-0.35,-2.00,-1.35,-0.35,0.073,0.038,0.000
51.912,-1.92,-1.45,-0.36,-1.92,-1.45,-0.36,0.073,0.038,0.000
51.941,-1.92,-1.46,-0.38,-1.92,-1.46,-0.38,0.073,0.038,0.000
51.989,-1.92,-1.44,-0.35,-1.92,-1.44,-0.35,0.073,0.038,0.000
52.021,-1.91,-1.44,-0.36,-1.91,-1.44,-0.36,0.073,0.038,0.000
52.054,-1.87,-1.48,-0.36,-1.87,-1.48,-0.36,0.072,0.038,0.000
52.086,-1.84,-1.50,-0.39,-1.84,-1.50,-0.39,0.071,0.037,0.000
52.120,-1.83,-1.42,-0.40,-1.83,-1.42,-0.40,0.072,0.043,0.000
52.151,-1.93,-1.63,-0.31,-1.93,-1.63,-0.31,0.231,0.197,0.000
52.181,-2.03,-1.82,-0.31,-2.03,-1.82,-0.31,0.658,0.663,0.000
52.214,-2.04,-1.79,-0.33,-2.04,-1.79,-0.33,0.751,0.726,0.000
52.253,-1.96,-1.67,-0.31,-1.96,-1.67,-0.31,0.799,0.762,0.000
52.293,-1.90,-1.47,-0.30,-1.90,-1.47,-0.30,0.819,0.792,0.000
52.327,-1.90,-1.45,-0.39,-1.90,-1.45,-0.39,0.820,0.778,0.000
52.357,-1.90,-1.45,-0.40,-1.90,-1.45,-0.40,0.827,0.785,0.000
52.389,-1.88,-1.42,-0.42,-1.88,-1.42,-0.42,0.829,0.776,0.000
52.421,-1.88,-1.33,-0.48,-1.88,-1.33,-0.48,0.825,0.757,0.000
52.454,-1.92,-1.34,-0.51,-1.92,-1.34,-0.51,0.818,0.767,0.000
52.485,-1.94,-1.35,-0.51,-1.94,-1.35,-0.51,0.811,0.758,0.000
52.518,-1.94,-1.31,-0.51,-1.94,-1.31,-0.51,0.809,0.766,0.000
52.551,-1.95,-1.33,-0.55,-1.95,-1.33,-0.55,0.805,0.762,0.000
52.601,-1.96,-1.30,-0.57,-1.96,-1.30,-0.57,0.796,0.763,0.000
52.629,-1.97,-1.31,-0.58,-1.97,-1.31,-0.58,0.795,0.759,0.000
52.664,-2.01,-1.33,-0.62,-2.01,-1.33,-0.62,0.790,0.757,0.000
52.694,-2.07,-1.41,-0.61,-2.07,-1.41,-0.61,0.786,0.752,0.000
52.726,-2.06,-1.44,-0.62,-2.06,-1.44,-0.62,0.784,0.751,0.000
52.759,-2.02,-1.43,-0.61,-2.02,-1.43,-0.61,0.784,0.750,0.000
52.789,-1.99,-1.33,-0.61,-1.99,-1.33,-0.61,0.783,0.748,0.000
52.822,-1.98,-1.37,-0.61,-1.98,-1.37,-0.61,0.782,0.749,0.000
52.852,-1.98,-1.43,-0.60,-1.98,-1.43,-0.60,0.777,0.747,0.000
52.900,-1.99,-1.58,-0.56,-1.99,-1.58,-0.56,0.777,0.746,0.000
52.935,-1.95,-1.54,-0.57,-1.95,-1.54,-0.57,0.780,0.745,0.000
52.969,-1.92,-1.50,-0.54,-1.92,-1.50,-0.54,0.781,0.745,0.000
52.997,-1.90,-1.49,-0.53,-1.90,-1.49,-0.53,0.779,0.744,0.000
53.028,-1.87,-1.50,-0.55,-1.87,-1.50,-0.55,0.779,0.737,0.000
53.062,-1.87,-1.48,-0.54,-1.87,-1.48,-0.54,0.776,0.735,0.000
53.093,-1.87,-1.47,-0.54,-1.87,-1.47,-0.54,0.777,0.728,0.000
53.128,-1.88,-1.46,-0.52,-1.88,-1.46,-0.52,0.775,0.726,0.000
53.162,-1.89,-1.47,-0.51,-1.89,-1.47,-0.51,0.776,0.727,0.000
53.207,-1.92,-1.44,-0.52,-1.92,-1.44,-0.52,0.775,0.726,0.000
53.240,-1.95,-1.40,-0.52,-1.95,-1.40,-0.52,0.776,0.727,0.000
53.266,-1.96,-1.43,-0.52,-1.96,-1.43,-0.52,0.776,0.727,0.000
53.285,-1.97,-1.45,-0.52,-1.97,-1.45,-0.52,0.776,0.726,0.000
53.304,-1.97,-1.44,-0.51,-1.97,-1.44,-0.51,0.778,0.726,0.000
53.365,-1.96,-1.44,-0.52,-1.96,-1.44,-0.52,0.771,0.724,0.000
53.398,-1.96,-1.45,-0.54,-1.96,-1.45,-0.54,0.762,0.727,0.000
53.430,-1.95,-1.47,-0.54,-1.95,-1.47,-0.54,0.761,0.721,0.000
53.461,-1.88,-1.54,-0.52,-1.88,-1.54,-0.52,0.718,0.647,0.000
53.510,-1.73,-1.59,-0.42,-1.73,-1.59,-0.42,0.390,0.362,0.000
53.540,-1.64,-1.60,-0.42,-1.64,-1.60,-0.42,0.253,0.197,0.000
53.554,-1.62,-1.60,-0.43,-1.62,-1.60,-0.43,0.230,0.170,0.000
53.573,-1.57,-1.55,-0.43,-1.57,-1.55,-0.43,0.178,0.129,0.000
53.607,-1.52,-1.53,-0.36,-1.52,-1.53,-0.36,0.138,0.093,0.000
53.637,-1.57,-1.52,-0.35,-1.57,-1.52,-0.35,0.124,0.074,0.000
53.670,-1.74,-1.49,-0.47,-1.74,-1.49,-0.47,0.107,0.053,0.000
53.702,-2.02,-1.57,-0.59,-2.02,-1.57,-0.59,0.100,0.044,0.000
53.767,-2.64,-1.95,-0.22,-2.64,-1.95,-0.22,0.085,0.059,0.000
53.814,-3.27,-2.17,-0.25,-3.27,-2.17,-0.25,0.093,0.066,0.000
53.848,-3.75,-2.25,-0.15,-3.75,-2.25,-0.15,0.101,0.053,0.000
53.867,-3.86,-2.27,-0.12,-3.86,-2.27,-0.12,0.107,0.052,0.000
53.885,-4.16,-2.35,-0.08,-4.16,-2.35,-0.08,0.107,0.052,0.000
53.910,-4.43,-2.34,-0.04,-4.43,-2.34,-0.04,0.103,0.051,0.000
53.945,-4.97,-2.05,0.01,-4.97,-2.05,0.01,0.100,0.049,0.000
53.974,-5.49,-1.97,0.05,-5.49,-1.97,0.05,0.097,0.041,0.000
54.006,-6.01,-2.04,0.01,-6.01,-2.04,0.01,0.098,0.040,0.000
54.037,-6.31,-2.13,-0.06,-6.31,-2.13,-0.06,0.097,0.040,0.000
54.070,-6.44,-2.25,-0.19,-6.44,-2.25,-0.19,0.090,0.041,0.000
54.102,-6.66,-2.34,-0.23,-6.66,-2.34,-0.23,0.081,0.038,0.000
54.150,-6.94,-2.63,-0.30,-6.94,-2.63,-0.30,0.079,0.038,0.000
54.182,-7.05,-2.60,-0.39,-7.05,-2.60,-0.39,0.070,0.032,0.000
54.214,-7.20,-2.63,-0.45,-7.20,-2.63,-0.45,0.063,0.025,0.000
54.245,-7.28,-2.75,-0.41,-7.28,-2.75,-0.41,0.062,0.024,0.000
54.279,-7.27,-2.80,-0.47,-7.27,-2.80,-0.47,0.068,0.030,0.000
54.310,-7.30,-2.85,-0.42,-7.30,-2.85,-0.42,0.071,0.030,0.000
54.341,-7.38,-2.86,-0.22,-7.38,-2.86,-0.22,0.061,0.027,0.000
54.373,-7.43,-2.92,-0.16,-7.43,-2.92,-0.16,0.061,0.028,0.000
54.407,-7.61,-3.08,-0.09,-7.61,-3.08,-0.09,0.059,0.028,0.000
54.453,-7.59,-3.03,-0.05,-7.59,-3.03,-0.05,0.061,0.028,0.000
54.486,-7.64,-3.04,-0.06,-7.64,-3.04,-0.06,0.060,0.028,0.000
54.517,-7.69,-3.02,-0.02,-7.69,-3.02,-0.02,0.060,0.028,0.000
54.548,-7.69,-3.00,0.01,-7.69,-3.00,0.01,0.060,0.028,0.000
54.581,-7.73,-2.99,0.00,-7.73,-2.99,0.00,0.059,0.028,0.000
54.616,-7.72,-2.96,-0.02,-7.72,-2.96,-0.02,0.061,0.029,0.000
54.645,-7.73,-2.97,-0.01,-7.73,-2.97,-0.01,0.062,0.031,0.000
54.678,-7.73,-3.08,0.03,-7.73,-3.08,0.03,0.061,0.032,0.000
54.710,-7.83,-3.07,0.06,-7.83,-3.07,0.06,0.062,0.032,0.000
54.757,-7.74,-2.75,0.07,-7.74,-2.75,0.07,0.062,0.032,0.000
54.789,-7.65,-2.67,0.04,-7.65,-2.67,0.04,0.061,0.031,0.000
54.822,-7.48,-2.76,-0.23,-7.48,-2.76,-0.23,0.070,0.032,0.000
54.854,-6.97,-3.15,-0.60,-6.97,-3.15,-0.60,0.087,0.044,0.000
54.886,-6.26,-2.78,-1.12,-6.26,-2.78,-1.12,0.118,0.060,0.000
54.919,-5.35,-2.51,-1.91,-5.35,-2.51,-1.91,0.128,0.067,0.000
54.951,-4.61,-2.63,-1.89,-4.61,-2.63,-1.89,0.161,0.089,0.000
54.982,-3.59,-1.72,-1.60,-3.59,-1.72,-1.60,0.176,0.116,0.000
55.013,-2.61,-0.91,-1.46,-2.61,-0.91,-1.46,0.200,0.143,0.000
55.062,-2.17,-0.82,-1.41,-2.17,-0.82,-1.41,0.196,0.141,0.000
55.093,-1.74,-1.39,-1.42,-1.74,-1.39,-1.42,0.186,0.138,0.000
55.125,-1.55,-1.79,-1.19,-1.55,-1.79,-1.19,0.177,0.135,0.000
55.157,-1.55,-1.83,-1.19,-1.55,-1.83,-1.19,0.201,0.154,0.000
55.189,-1.11,-2.41,-1.19,-1.11,-2.41,-1.19,0.232,0.148,0.000
55.222,-0.83,-2.78,-1.27,-0.83,-2.78,-1.27,0.269,0.151,0.000
55.254,-0.54,-2.80,-1.39,-0.54,-2.80,-1.39,0.292,0.161,0.000
55.290,-0.36,-2.87,-1.64,-0.36,-2.87,-1.64,0.300,0.163,0.000
55.318,-0.31,-2.96,-1.73,-0.31,-2.96,-1.73,0.290,0.147,0.000
55.367,-0.28,-2.96,-1.81,-0.28,-2.96,-1.81,0.289,0.160,0.000
55.398,-0.22,-2.95,-1.97,-0.22,-2.95,-1.97,0.592,0.476,0.000
55.430,-0.30,-2.94,-1.96,-0.30,-2.94,-1.96,0.687,0.615,0.000
55.462,-0.35,-2.91,-1.95,-0.35,-2.91,-1.95,0.642,0.583,0.000
55.494,-0.20,-3.01,-1.93,-0.20,-3.01,-1.93,0.517,0.371,0.000
55.526,-0.26,-3.18,-1.88,-0.26,-3.18,-1.88,0.332,0.219,0.000
55.559,-0.37,-3.16,-1.92,-0.37,-3.16,-1.92,0.498,0.307,0.000
55.589,-0.70,-2.74,-1.90,-0.70,-2.74,-1.90,0.740,0.682,0.000
55.624,-0.93,-2.30,-1.94,-0.93,-2.30,-1.94,0.771,0.731,0.000
55.670,-0.96,-2.29,-2.03,-0.96,-2.29,-2.03,0.715,0.667,0.000
55.702,-0.84,-2.54,-1.92,-0.84,-2.54,-1.92,0.583,0.537,0.000
55.717,-0.82,-2.58,-1.90,-0.82,-2.58,-1.90,0.547,0.483,0.000
55.734,-0.73,-2.80,-1.78,-0.73,-2.80,-1.78,0.392,0.298,0.000
55.798,-0.75,-3.12,-1.67,-0.75,-3.12,-1.67,0.166,0.094,0.000
55.830,-0.79,-3.18,-1.62,-0.79,-3.18,-1.62,0.125,0.065,0.000
55.862,-0.76,-3.18,-1.65,-0.76,-3.18,-1.65,0.115,0.058,0.000
55.894,-0.75,-3.14,-1.65,-0.75,-3.14,-1.65,0.102,0.051,0.000
55.926,-0.73,-3.17,-1.63,-0.73,-3.17,-1.63,0.102,0.057,0.000
55.976,-0.73,-3.16,-1.62,-0.73,-3.16,-1.62,0.108,0.060,0.000
56.007,-0.73,-3.14,-1.63,-0.73,-3.14,-1.63,0.112,0.065,0.000
56.025,-0.74,-3.14,-1.63,-0.74,-3.14,-1.63,0.113,0.066,0.000
56.043,-0.75,-3.13,-1.64,-0.75,-3.13,-1.64,0.117,0.068,0.000
56.070,-0.91,-3.08,-1.43,-0.91,-3.08,-1.43,0.122,0.199,0.000
56.101,-1.03,-3.00,-1.32,-1.03,-3.00,-1.32,0.154,0.323,0.000
56.135,-1.16,-2.83,-1.16,-1.16,-2.83,-1.16,0.190,0.424,0.000
56.200,-1.08,-2.59,-1.10,-1.08,-2.59,-1.10,0.255,0.470,0.000
56.232,-1.10,-2.47,-1.04,-1.10,-2.47,-1.04,0.279,0.492,0.000
56.263,-1.18,-2.26,-1.02,-1.18,-2.26,-1.02,0.315,0.489,0.000
56.316,-1.29,-2.11,-1.03,-1.29,-2.11,-1.03,0.334,0.477,0.000
56.343,-1.29,-2.11,-1.04,-1.29,-2.11,-1.04,0.338,0.469,0.000
56.360,-1.29,-2.11,-1.04,-1.29,-2.11,-1.04,0.340,0.466,0.000
56.377,-1.29,-2.13,-1.05,-1.29,-2.13,-1.05,0.343,0.463,0.000
56.406,-1.29,-2.14,-1.06,-1.29,-2.14,-1.06,0.339,0.420,0.000
56.438,-1.29,-2.23,-1.10,-1.29,-2.23,-1.10,0.293,0.275,0.000
56.470,-1.26,-2.25,-1.17,-1.26,-2.25,-1.17,0.246,0.193,0.000
56.501,-1.25,-2.33,-1.21,-1.25,-2.33,-1.21,0.212,0.141,0.000
56.570,-1.19,-2.47,-1.39,-1.19,-2.47,-1.39,0.158,0.084,0.000
56.616,-1.14,-2.47,-1.48,-1.14,-2.47,-1.48,0.141,0.068,0.000
56.649,-1.12,-2.49,-1.54,-1.12,-2.49,-1.54,0.122,0.057,0.000
56.666,-1.11,-2.50,-1.56,-1.11,-2.50,-1.56,0.113,0.055,0.000
56.683,-1.08,-2.48,-1.57,-1.08,-2.48,-1.57,0.103,0.053,0.000
56.710,-1.07,-2.48,-1.55,-1.07,-2.48,-1.55,0.086,0.047,0.000
56.742,-1.05,-2.47,-1.55,-1.05,-2.47,-1.55,0.080,0.045,0.000
56.773,-1.04,-2.48,-1.56,-1.04,-2.48,-1.56,0.078,0.045,0.000
56.806,-1.03,-2.53,-1.57,-1.03,-2.53,-1.57,0.081,0.047,0.000
56.837,-1.00,-2.54,-1.55,-1.00,-2.54,-1.55,0.081,0.048,0.000
56.871,-1.09,-2.54,-1.50,-1.09,-2.54,-1.50,0.601,0.652,0.000
56.920,-1.18,-2.24,-1.44,-1.18,-2.24,-1.44,0.763,0.743,0.000
56.950,-1.19,-2.13,-1.46,-1.19,-2.13,-1.46,0.802,0.759,0.000
56.983,-1.23,-2.12,-1.55,-1.23,-2.12,-1.55,0.805,0.755,0.000
57.015,-1.26,-2.17,-1.60,-1.26,-2.17,-1.60,0.798,0.746,0.000
57.046,-1.22,-2.11,-1.63,-1.22,-2.11,-1.63,0.799,0.727,0.000
57.079,-1.21,-2.12,-1.65,-1.21,-2.12,-1.65,0.807,0.729,0.000
57.111,-1.22,-2.17,-1.60,-1.22,-2.17,-1.60,0.793,0.729,0.000
57.141,-1.19,-2.21,-1.61,-1.19,-2.21,-1.61,0.793,0.723,0.000
57.174,-1.16,-2.28,-1.60,-1.16,-2.28,-1.60,0.792,0.723,0.000
57.223,-1.13,-2.31,-1.58,-1.13,-2.31,-1.58,0.797,0.718,0.000
57.252,-1.13,-2.29,-1.61,-1.13,-2.29,-1.61,0.797,0.720,0.000
57.287,-1.13,-2.32,-1.63,-1.13,-2.32,-1.63,0.796,0.720,0.000
57.322,-1.12,-2.32,-1.63,-1.12,-2.32,-1.63,0.793,0.718,0.000
57.351,-1.11,-2.32,-1.65,-1.11,-2.32,-1.65,0.796,0.715,0.000
57.382,-1.11,-2.35,-1.65,-1.11,-2.35,-1.65,0.794,0.712,0.000
57.416,-1.10,-2.35,-1.66,-1.10,-2.35,-1.66,0.794,0.710,0.000
57.446,-1.08,-2.37,-1.66,-1.08,-2.37,-1.66,0.792,0.709,0.000
57.477,-1.08,-2.37,-1.67,-1.08,-2.37,-1.67,0.792,0.710,0.000
57.528,-1.07,-2.46,-1.64,-1.07,-2.46,-1.64,0.791,0.711,0.000
57.558,-1.09,-2.34,-1.65,-1.09,-2.34,-1.65,0.792,0.713,0.000
57.589,-1.03,-2.34,-1.66,-1.03,-2.34,-1.66,0.792,0.714,0.000
57.622,-1.03,-2.34,-1.67,-1.03,-2.34,-1.67,0.791,0.714,0.000
57.656,-1.04,-2.34,-1.68,-1.04,-2.34,-1.68,0.790,0.715,0.000
57.687,-1.04,-2.36,-1.74,-1.04,-2.36,-1.74,0.787,0.719,0.000
57.720,-1.03,-2.37,-1.75,-1.03,-2.37,-1.75,0.786,0.714,0.000
57.750,-0.98,-2.28,-1.76,-0.98,-2.28,-1.76,0.786,0.718,0.000
57.781,-0.97,-2.33,-1.76,-0.97,-2.33,-1.76,0.787,0.719,0.000
57.829,-0.90,-2.36,-1.77,-0.90,-2.36,-1.77,0.790,0.720,0.000
57.860,-0.88,-2.35,-1.77,-0.88,-2.35,-1.77,0.787,0.717,0.000
57.893,-0.84,-2.46,-1.80,-0.84,-2.46,-1.80,0.788,0.719,0.000
57.926,-0.84,-2.46,-1.82,-0.84,-2.46,-1.82,0.786,0.717,0.000
57.957,-0.83,-2.48,-1.82,-0.83,-2.48,-1.82,0.781,0.712,0.000
57.991,-0.79,-2.55,-1.83,-0.79,-2.55,-1.83,0.782,0.713,0.000
58.021,-0.79,-2.55,-1.83,-0.79,-2.55,-1.83,0.782,0.714,0.000
58.052,-0.76,-2.69,-1.82,-0.76,-2.69,-1.82,0.782,0.713,0.000
58.103,-0.70,-2.62,-1.86,-0.70,-2.62,-1.86,0.784,0.712,0.000
58.121,-0.70,-2.62,-1.84,-0.70,-2.62,-1.84,0.786,0.711,0.000
58.166,-0.66,-2.61,-1.82,-0.66,-2.61,-1.82,0.788,0.706,0.000
58.196,-0.61,-2.63,-1.85,-0.61,-2.63,-1.85,0.789,0.705,0.000
58.229,-0.59,-2.65,-1.86,-0.59,-2.65,-1.86,0.785,0.699,0.000
58.261,-0.57,-2.62,-1.86,-0.57,-2.62,-1.86,0.781,0.692,0.000
58.293,-0.57,-2.63,-1.82,-0.57,-2.63,-1.82,0.782,0.691,0.000
58.328,-0.54,-2.64,-1.84,-0.54,-2.64,-1.84,0.782,0.693,0.000
58.358,-0.55,-2.66,-1.83,-0.55,-2.66,-1.83,0.782,0.696,0.000
58.391,-0.56,-2.66,-1.79,-0.56,-2.66,-1.79,0.781,0.696,0.000
58.423,-0.51,-2.55,-1.80,-0.51,-2.55,-1.80,0.783,0.699,0.000
58.471,-0.48,-2.51,-1.83,-0.48,-2.51,-1.83,0.783,0.694,0.000
58.504,-0.48,-2.51,-1.81,-0.48,-2.51,-1.81,0.782,0.695,0.000
58.522,-0.48,-2.50,-1.79,-0.48,-2.50,-1.79,0.780,0.695,0.000
58.565,-0.48,-2.51,-1.80,-0.48,-2.51,-1.80,0.781,0.698,0.000
58.599,-0.47,-2.51,-1.80,-0.47,-2.51,-1.80,0.784,0.702,0.000
58.632,-0.49,-2.56,-1.81,-0.49,-2.56,-1.81,0.784,0.703,0.000
58.666,-0.46,-2.64,-1.83,-0.46,-2.64,-1.83,0.785,0.699,0.000
58.693,-0.48,-2.65,-1.81,-0.48,-2.65,-1.81,0.784,0.694,0.000
58.725,-0.54,-2.80,-1.80,-0.54,-2.80,-1.80,0.742,0.665,0.000
58.774,-0.58,-3.08,-1.86,-0.58,-3.08,-1.86,0.606,0.511,0.000
58.807,-0.55,-3.36,-1.81,-0.55,-3.36,-1.81,0.419,0.334,0.000
58.834,-0.54,-3.58,-1.78,-0.54,-3.58,-1.78,0.368,0.301,0.000
58.851,-0.54,-3.71,-1.72,-0.54,-3.71,-1.72,0.261,0.213,0.000
58.870,-0.51,-3.76,-1.70,-0.51,-3.76,-1.70,0.206,0.145,0.000
58.902,-0.36,-3.95,-1.66,-0.36,-3.95,-1.66,0.151,0.088,0.000
58.966,-0.23,-4.07,-1.59,-0.23,-4.07,-1.59,0.118,0.068,0.000
59.001,-0.16,-4.14,-1.57,-0.16,-4.14,-1.57,0.127,0.067,0.000
59.029,-0.14,-4.30,-1.48,-0.14,-4.30,-1.48,0.118,0.065,0.000
59.078,-0.15,-4.40,-1.40,-0.15,-4.40,-1.40,0.119,0.058,0.000
59.109,-0.18,-4.40,-1.39,-0.18,-4.40,-1.39,0.126,0.061,0.000
59.128,-0.22,-4.40,-1.38,-0.22,-4.40,-1.38,0.125,0.063,0.000
59.146,-0.36,-4.30,-1.41,-0.36,-4.30,-1.41,0.131,0.063,0.000
59.174,-0.53,-4.29,-1.40,-0.53,-4.29,-1.40,0.118,0.066,0.000
59.206,-0.97,-4.10,-1.44,-0.97,-4.10,-1.44,0.122,0.068,0.000
59.239,-1.39,-3.89,-1.48,-1.39,-3.89,-1.48,0.121,0.069,0.000
59.270,-1.91,-4.14,-1.50,-1.91,-4.14,-1.50,0.122,0.071,0.000
59.301,-2.81,-4.21,-1.45,-2.81,-4.21,-1.45,0.126,0.068,0.000
59.340,-3.73,-4.23,-1.32,-3.73,-4.23,-1.32,0.119,0.062,0.000
59.413,-5.69,-4.33,-0.83,-5.69,-4.33,-0.83,0.123,0.056,0.000
59.432,-5.76,-4.39,-0.85,-5.76,-4.39,-0.85,0.129,0.055,0.000
59.452,-6.14,-4.18,-0.69,-6.14,-4.18,-0.69,0.126,0.052,0.000
59.478,-6.81,-4.32,-0.58,-6.81,-4.32,-0.58,0.130,0.047,0.000
59.509,-7.58,-4.47,-0.24,-7.58,-4.47,-0.24,0.132,0.048,0.000
59.543,-8.45,-4.30,-0.10,-8.45,-4.30,-0.10,0.097,0.037,0.000
59.572,-9.10,-4.11,0.02,-9.10,-4.11,0.02,0.087,0.053,0.000
59.604,-9.44,-4.29,0.38,-9.44,-4.29,0.38,0.089,0.066,0.000
59.637,-9.83,-4.10,0.58,-9.83,-4.10,0.58,0.103,0.092,0.000
59.687,-10.01,-3.78,0.66,-10.01,-3.78,0.66,0.125,0.089,0.000
59.718,-10.42,-3.87,0.72,-10.42,-3.87,0.72,0.119,0.086,0.000
59.750,-10.70,-4.18,0.87,-10.70,-4.18,0.87,0.126,0.086,0.000
59.782,-10.75,-4.20,0.99,-10.75,-4.20,0.99,0.132,0.074,0.000
59.813,-11.05,-4.46,1.20,-11.05,-4.46,1.20,0.131,0.069,0.000
59.845,-11.55,-4.43,1.39,-11.55,-4.43,1.39,0.131,0.067,0.000
59.879,-11.70,-4.47,1.66,-11.70,-4.47,1.66,0.138,0.070,0.000
59.910,-11.94,-4.35,1.91,-11.94,-4.35,1.91,0.142,0.070,0.000
59.941,-11.95,-4.61,2.26,-11.95,-4.61,2.26,0.149,0.072,0.000
59.990,-11.77,-4.75,2.52,-11.77,-4.75,2.52,0.161,0.078,0.000
60.025,-11.79,-4.71,2.61,-11.79,-4.71,2.61,0.150,0.066,0.000
60.055,-11.73,-4.75,2.65,-11.73,-4.75,2.65,0.149,0.069,0.000
60.087,-11.73,-4.78,2.77,-11.73,-4.78,2.77,0.145,0.067,0.000
60.118,-11.83,-4.76,2.80,-11.83,-4.76,2.80,0.139,0.069,0.000
60.150,-11.84,-4.78,2.85,-11.84,-4.78,2.85,0.136,0.069,0.000
60.182,-11.86,-4.75,2.90,-11.86,-4.75,2.90,0.132,0.074,0.000
60.214,-11.80,-4.77,2.81,-11.80,-4.77,2.81,0.145,0.082,0.000
60.246,-11.71,-4.84,2.78,-11.71,-4.84,2.78,0.156,0.086,0.000
60.278,-11.70,-4.84,2.68,-11.70,-4.84,2.68,0.167,0.090,0.000
60.327,-11.60,-4.77,2.61,-11.60,-4.77,2.61,0.174,0.092,0.000
60.360,-11.61,-4.73,2.56,-11.61,-4.73,2.56,0.175,0.094,0.000
60.390,-11.51,-4.68,2.47,-11.51,-4.68,2.47,0.181,0.096,0.000
60.422,-11.23,-4.50,2.26,-11.23,-4.50,2.26,0.179,0.093,0.000
60.455,-10.73,-4.53,1.99,-10.73,-4.53,1.99,0.178,0.088,0.000
60.486,-10.28,-4.25,1.68,-10.28,-4.25,1.68,0.155,0.072,0.000
60.520,-10.01,-4.32,1.54,-10.01,-4.32,1.54,0.142,0.061,0.000
60.551,-9.80,-4.32,1.43,-9.80,-4.32,1.43,0.124,0.053,0.000
60.581,-9.64,-4.50,1.43,-9.64,-4.50,1.43,0.115,0.046,0.000
60.630,-9.34,-4.32,1.39,-9.34,-4.32,1.39,0.107,0.045,0.000
60.662,-9.09,-3.86,1.30,-9.09,-3.86,1.30,0.102,0.047,0.000
60.696,-8.97,-3.82,1.22,-8.97,-3.82,1.22,0.100,0.045,0.000
60.726,-8.87,-3.79,1.20,-8.87,-3.79,1.20,0.096,0.042,0.000
60.758,-8.69,-3.54,1.14,-8.69,-3.54,1.14,0.098,0.042,0.000
60.789,-8.60,-3.56,1.05,-8.60,-3.56,1.05,0.091,0.040,0.000
60.822,-8.43,-3.50,1.00,-8.43,-3.50,1.00,0.092,0.041,0.000
60.854,-8.26,-3.47,0.86,-8.26,-3.47,0.86,0.092,0.041,0.000
60.885,-8.05,-3.38,0.81,-8.05,-3.38,0.81,0.099,0.045,0.000
60.933,-7.87,-3.23,0.80,-7.87,-3.23,0.80,0.093,0.047,0.000
60.967,-7.69,-3.35,0.83,-7.69,-3.35,0.83,0.088,0.044,0.000
60.998,-7.54,-3.41,0.87,-7.54,-3.41,0.87,0.089,0.043,0.000
61.033,-7.31,-3.43,0.85,-7.31,-3.43,0.85,0.087,0.040,0.000
61.063,-7.06,-3.39,0.84,-7.06,-3.39,0.84,0.097,0.042,0.000
61.093,-6.82,-3.47,0.80,-6.82,-3.47,0.80,0.103,0.043,0.000
61.126,-6.51,-3.24,0.78,-6.51,-3.24,0.78,0.112,0.050,0.000
61.158,-6.14,-2.92,0.78,-6.14,-2.92,0.78,0.132,0.060,0.000
61.190,-5.67,-2.65,0.78,-5.67,-2.65,0.78,0.148,0.081,0.000
61.238,-5.17,-2.61,0.87,-5.17,-2.61,0.87,0.145,0.076,0.000
61.270,-4.56,-2.40,0.96,-4.56,-2.40,0.96,0.144,0.078,0.000
61.287,-4.44,-2.35,0.97,-4.44,-2.35,0.97,0.140,0.070,0.000
61.305,-3.89,-2.23,0.98,-3.89,-2.23,0.98,0.141,0.069,0.000
61.373,-2.76,-1.61,1.17,-2.76,-1.61,1.17,0.128,0.061,0.000
61.408,-1.85,-1.54,1.10,-1.85,-1.54,1.10,0.144,0.070,0.000
61.443,-1.10,-1.87,1.15,-1.10,-1.87,1.15,0.154,0.075,0.000
61.477,-0.24,-1.59,0.98,-0.24,-1.59,0.98,0.142,0.074,0.000
61.495,1.14,-1.56,0.90,1.14,-1.56,0.90,0.140,0.081,0.000
61.543,2.95,-0.93,0.85,2.95,-0.93,0.85,0.135,0.078,0.000
61.573,4.00,-1.61,0.86,4.00,-1.61,0.86,0.136,0.077,0.000
61.602,4.15,-1.52,0.93,4.15,-1.52,0.93,0.136,0.075,0.000
61.618,5.20,-1.85,0.75,5.20,-1.85,0.75,0.139,0.079,0.000
61.653,7.00,-1.85,0.69,7.00,-1.85,0.69,0.143,0.093,0.000
61.684,8.21,-2.12,0.57,8.21,-2.12,0.57,0.140,0.111,0.000
61.717,9.12,-2.29,0.67,9.12,-2.29,0.67,0.134,0.135,0.000
61.767,10.22,-1.89,0.59,10.22,-1.89,0.59,0.168,0.138,0.000
61.798,10.68,-1.30,0.78,10.68,-1.30,0.78,0.149,0.158,0.000
61.848,11.36,-1.65,0.73,11.36,-1.65,0.73,0.143,0.148,0.000
61.878,11.68,-1.43,0.73,11.68,-1.43,0.73,0.135,0.147,0.000
61.903,12.00,-1.06,0.93,12.00,-1.06,0.93,0.114,0.119,0.000
61.919,12.37,-1.11,0.89,12.37,-1.11,0.89,0.136,0.146,0.000
61.941,12.26,-1.27,0.76,12.26,-1.27,0.76,0.162,0.165,0.000
61.972,12.35,-1.22,0.57,12.35,-1.22,0.57,0.177,0.182,0.000
62.005,12.46,-0.83,0.68,12.46,-0.83,0.68,0.162,0.184,0.000
62.041,12.26,-1.19,0.66,12.26,-1.19,0.66,0.151,0.156,0.000
62.069,11.99,-1.29,0.56,11.99,-1.29,0.56,0.167,0.163,0.000
62.101,11.53,-1.41,1.07,11.53,-1.41,1.07,0.140,0.149,0.000
62.182,10.84,-1.60,1.67,10.84,-1.60,1.67,0.161,0.130,0.000
62.200,10.63,-1.13,1.98,10.63,-1.13,1.98,0.142,0.117,0.000
62.215,10.06,-1.09,2.05,10.06,-1.09,2.05,0.125,0.093,0.000
62.248,9.17,0.17,2.52,9.17,0.17,2.52,0.098,0.091,0.000
62.278,8.96,0.42,2.67,8.96,0.42,2.67,0.139,0.154,0.000
62.310,8.68,0.42,2.87,8.68,0.42,2.87,0.123,0.128,0.000
62.341,8.69,0.15,2.65,8.69,0.15,2.65,0.120,0.117,0.000
62.377,8.49,0.76,2.45,8.49,0.76,2.45,0.120,0.117,0.000
62.405,8.62,1.05,2.38,8.62,1.05,2.38,0.132,0.119,0.000
62.437,8.82,1.35,2.29,8.82,1.35,2.29,0.110,0.099,0.000
62.488,8.87,1.68,2.20,8.87,1.68,2.20,0.114,0.101,0.000
62.519,9.04,1.56,1.95,9.04,1.56,1.95,0.106,0.094,0.000
62.551,9.46,2.02,1.98,9.46,2.02,1.98,0.098,0.087,0.000
62.582,9.39,2.05,1.95,9.39,2.05,1.95,0.100,0.103,0.000
62.615,9.77,2.04,2.09,9.77,2.04,2.09,0.099,0.105,0.000
62.646,9.62,1.87,1.91,9.62,1.87,1.91,0.093,0.090,0.000
62.681,9.45,2.10,1.96,9.45,2.10,1.96,0.088,0.092,0.000
62.712,9.64,1.91,1.62,9.64,1.91,1.62,0.094,0.087,0.000
62.741,9.78,1.92,1.54,9.78,1.92,1.54,0.093,0.084,0.000
62.791,10.01,2.00,1.53,10.01,2.00,1.53,0.095,0.088,0.000
62.822,10.13,1.81,1.46,10.13,1.81,1.46,0.095,0.092,0.000
62.853,10.24,1.78,1.41,10.24,1.78,1.41,0.093,0.092,0.000
62.888,10.64,1.85,1.39,10.64,1.85,1.39,0.095,0.092,0.000
62.918,10.75,1.83,1.49,10.75,1.83,1.49,0.098,0.099,0.000
62.951,11.03,1.79,1.39,11.03,1.79,1.39,0.101,0.099,0.000
62.982,11.04,1.73,1.40,11.04,1.73,1.40,0.099,0.097,0.000
63.014,11.06,1.70,1.41,11.06,1.70,1.41,0.097,0.098,0.000
63.048,11.12,1.54,1.31,11.12,1.54,1.31,0.095,0.099,0.000
63.095,11.04,1.40,1.20,11.04,1.40,1.20,0.094,0.099,0.000
63.129,11.17,1.25,1.14,11.17,1.25,1.14,0.098,0.095,0.000
63.158,11.18,1.25,1.03,11.18,1.25,1.03,0.119,0.100,0.000
63.191,11.13,1.24,0.93,11.13,1.24,0.93,0.132,0.111,0.000
63.222,11.15,1.08,0.79,11.15,1.08,0.79,0.129,0.111,0.000
63.255,11.18,1.05,0.81,11.18,1.05,0.81,0.120,0.109,0.000
63.287,11.19,0.99,0.81,11.19,0.99,0.81,0.115,0.106,0.000
63.318,11.16,0.95,0.83,11.16,0.95,0.83,0.112,0.103,0.000
63.352,11.20,0.96,0.84,11.20,0.96,0.84,0.112,0.101,0.000
63.400,11.24,0.88,1.00,11.24,0.88,1.00,0.112,0.092,0.000
63.431,11.40,0.86,1.07,11.40,0.86,1.07,0.111,0.091,0.000
63.463,11.69,0.84,1.13,11.69,0.84,1.13,0.113,0.089,0.000
63.494,11.89,0.83,1.16,11.89,0.83,1.16,0.112,0.089,0.000
63.526,12.04,0.77,1.15,12.04,0.77,1.15,0.113,0.087,0.000
63.559,12.14,0.87,1.18,12.14,0.87,1.18,0.108,0.084,0.000
63.589,12.22,0.93,1.14,12.22,0.93,1.14,0.111,0.084,0.000
63.622,12.33,1.01,1.02,12.33,1.01,1.02,0.110,0.083,0.000
63.654,12.30,1.44,0.91,12.30,1.44,0.91,0.105,0.084,0.000
63.703,12.20,1.97,0.83,12.20,1.97,0.83,0.091,0.088,0.000
63.737,12.02,2.17,0.83,12.02,2.17,0.83,0.072,0.067,0.000
63.766,11.48,2.09,0.83,11.48,2.09,0.83,0.077,0.065,0.000
63.798,11.05,1.32,0.62,11.05,1.32,0.62,0.090,0.071,0.000
63.829,11.10,0.69,0.34,11.10,0.69,0.34,0.117,0.086,0.000
63.862,10.76,0.35,0.32,10.76,0.35,0.32,0.111,0.071,0.000
63.893,10.24,-1.09,-0.08,10.24,-1.09,-0.08,0.150,0.087,0.000
63.925,10.03,-2.06,-0.02,10.03,-2.06,-0.02,0.140,0.063,0.000
63.957,9.23,-3.06,-0.14,9.23,-3.06,-0.14,0.134,0.047,0.000
64.006,9.10,-2.95,-0.35,9.10,-2.95,-0.35,0.088,0.032,0.000
64.037,9.23,-4.48,-1.28,9.23,-4.48,-1.28,0.175,0.037,0.000
64.058,9.56,-3.77,-1.22,9.56,-3.77,-1.22,0.147,0.039,0.000
64.080,9.06,-3.35,-1.58,9.06,-3.35,-1.58,0.200,0.054,0.000
64.102,8.79,-2.48,-2.21,8.79,-2.48,-2.21,0.285,0.109,0.000
64.166,6.89,-1.74,-2.34,6.89,-1.74,-2.34,0.194,0.108,0.000
64.200,5.09,0.54,-1.94,5.09,0.54,-1.94,0.192,0.087,0.000
64.231,3.07,1.64,-1.42,3.07,1.64,-1.42,0.163,0.085,0.000
64.262,2.39,1.34,-1.19,2.39,1.34,-1.19,0.146,0.089,0.000
64.294,1.03,1.53,-0.80,1.03,1.53,-0.80,0.149,0.080,0.000
64.342,-0.46,2.06,-0.45,-0.46,2.06,-0.45,0.173,0.137,0.000
64.360,-0.83,2.48,-0.35,-0.83,2.48,-0.35,0.161,0.123,0.000
64.378,-1.85,1.82,-0.20,-1.85,1.82,-0.20,0.165,0.129,0.000
64.408,-2.57,1.52,-0.46,-2.57,1.52,-0.46,0.152,0.125,0.000
64.436,-3.19,1.68,-0.29,-3.19,1.68,-0.29,0.136,0.114,0.000
64.470,-3.65,1.42,-0.43,-3.65,1.42,-0.43,0.147,0.102,0.000
64.502,-4.12,1.04,-0.56,-4.12,1.04,-0.56,0.154,0.116,0.000
64.535,-4.52,1.29,-0.72,-4.52,1.29,-0.72,0.132,0.092,0.000
64.599,-5.07,0.95,-1.18,-5.07,0.95,-1.18,0.133,0.100,0.000
64.647,-5.38,0.80,-1.44,-5.38,0.80,-1.44,0.129,0.130,0.000
64.678,-5.45,0.36,-1.63,-5.45,0.36,-1.63,0.153,0.171,0.000
64.699,-5.47,0.08,-1.64,-5.47,0.08,-1.64,0.165,0.181,0.000
64.717,-5.85,0.19,-1.63,-5.85,0.19,-1.63,0.188,0.177,0.000
64.745,-6.29,0.69,-1.85,-6.29,0.69,-1.85,0.224,0.182,0.000
64.774,-6.56,0.49,-1.86,-6.56,0.49,-1.86,0.268,0.136,0.000
64.804,-6.83,0.33,-1.93,-6.83,0.33,-1.93,0.213,0.081,0.000
64.838,-7.09,0.02,-2.11,-7.09,0.02,-2.11,0.107,0.028,0.000
64.869,-7.40,0.02,-2.30,-7.40,0.02,-2.30,0.054,0.021,0.000
64.901,-7.84,0.51,-2.15,-7.84,0.51,-2.15,0.047,0.019,0.000
64.952,-8.08,1.07,-2.38,-8.08,1.07,-2.38,0.052,0.019,0.000
64.982,-8.12,0.88,-2.32,-8.12,0.88,-2.32,0.053,0.020,0.000
65.016,-8.07,0.80,-2.17,-8.07,0.80,-2.17,0.058,0.021,0.000
65.048,-8.04,1.26,-2.09,-8.04,1.26,-2.09,0.043,0.011,0.000
65.081,-7.78,1.79,-2.01,-7.78,1.79,-2.01,0.049,0.015,0.000
65.111,-7.15,2.40,-1.83,-7.15,2.40,-1.83,0.044,0.016,0.001
65.143,-6.08,2.67,-1.39,-6.08,2.67,-1.39,0.037,0.014,0.002
65.174,-5.03,3.07,-1.06,-5.03,3.07,-1.06,0.040,0.014,0.001
65.205,-4.42,2.80,-0.86,-4.42,2.80,-0.86,0.034,0.010,0.000
65.253,-3.89,2.43,-0.44,-3.89,2.43,-0.44,0.030,0.009,0.000
65.287,-3.05,2.62,-0.27,-3.05,2.62,-0.27,0.033,0.010,0.000
65.319,-2.57,2.70,-0.08,-2.57,2.70,-0.08,0.035,0.011,0.000
65.349,-2.40,2.68,-0.02,-2.40,2.68,-0.02,0.037,0.011,0.000
65.383,-2.24,2.60,-0.06,-2.24,2.60,-0.06,0.036,0.012,0.000
65.416,-2.15,2.46,-0.05,-2.15,2.46,-0.05,0.035,0.011,0.000
65.445,-2.10,2.20,-0.06,-2.10,2.20,-0.06,0.035,0.011,0.000
65.477,-2.07,2.21,-0.10,-2.07,2.21,-0.10,0.037,0.013,0.000
65.512,-2.13,2.17,-0.02,-2.13,2.17,-0.02,0.038,0.015,0.000
65.557,-2.24,2.20,-0.03,-2.24,2.20,-0.03,0.038,0.015,0.000
65.590,-2.34,2.14,-0.04,-2.34,2.14,-0.04,0.037,0.014,0.000
65.621,-2.38,2.14,-0.07,-2.38,2.14,-0.07,0.034,0.013,0.000
65.654,-2.48,2.04,-0.14,-2.48,2.04,-0.14,0.033,0.013,0.000
65.686,-2.77,1.77,-0.18,-2.77,1.77,-0.18,0.032,0.013,0.000
65.722,-2.83,1.64,-0.29,-2.83,1.64,-0.29,0.032,0.013,0.000
65.753,-2.88,1.71,-0.33,-2.88,1.71,-0.33,0.030,0.011,0.000
65.784,-2.90,1.65,-0.34,-2.90,1.65,-0.34,0.030,0.012,0.000
65.814,-2.98,1.50,-0.40,-2.98,1.50,-0.40,0.030,0.013,0.000
65.862,-3.02,1.50,-0.44,-3.02,1.50,-0.44,0.031,0.013,0.000
65.894,-3.10,1.40,-0.46,-3.10,1.40,-0.46,0.032,0.013,0.000
65.926,-3.21,1.40,-0.46,-3.21,1.40,-0.46,0.036,0.015,0.000
65.959,-3.36,1.37,-0.54,-3.36,1.37,-0.54,0.035,0.015,0.000
65.990,-3.48,1.20,-0.56,-3.48,1.20,-0.56,0.039,0.016,0.000
66.022,-3.58,1.13,-0.58,-3.58,1.13,-0.58,0.040,0.017,0.000
66.052,-3.62,1.11,-0.58,-3.62,1.11,-0.58,0.041,0.017,0.000
66.087,-3.69,1.06,-0.61,-3.69,1.06,-0.61,0.043,0.018,0.000
66.117,-3.73,1.06,-0.65,-3.73,1.06,-0.65,0.044,0.019,0.000
66.166,-3.76,1.13,-0.67,-3.76,1.13,-0.67,0.042,0.018,0.000
66.198,-3.82,1.06,-0.66,-3.82,1.06,-0.66,0.041,0.018,0.000
66.229,-3.91,0.82,-0.69,-3.91,0.82,-0.69,0.040,0.018,0.000
66.262,-3.90,0.68,-0.71,-3.90,0.68,-0.71,0.039,0.017,0.000
66.293,-3.93,0.70,-0.76,-3.93,0.70,-0.76,0.039,0.017,0.000
66.325,-4.07,0.57,-0.88,-4.07,0.57,-0.88,0.067,0.028,0.000
66.359,-4.33,0.55,-0.79,-4.33,0.55,-0.79,0.396,0.414,0.000
66.389,-4.62,0.77,-0.71,-4.62,0.77,-0.71,0.538,0.523,0.000
66.427,-4.72,0.75,-0.66,-4.72,0.75,-0.66,0.537,0.553,0.000
66.454,-5.00,0.72,-0.69,-5.00,0.72,-0.69,0.459,0.463,0.000
66.503,-5.14,0.56,-0.70,-5.14,0.56,-0.70,0.395,0.372,0.000
66.518,-5.15,0.48,-0.71,-5.15,0.48,-0.71,0.381,0.346,0.000
66.568,-5.31,0.53,-0.69,-5.31,0.53,-0.69,0.254,0.184,0.000
66.597,-5.41,0.40,-0.61,-5.41,0.40,-0.61,0.183,0.132,0.000
66.630,-5.54,0.30,-0.55,-5.54,0.30,-0.55,0.150,0.099,0.000
66.662,-5.67,0.16,-0.52,-5.67,0.16,-0.52,0.127,0.076,0.000
66.693,-5.80,0.02,-0.50,-5.80,0.02,-0.50,0.112,0.067,0.000
66.726,-5.83,-0.10,-0.51,-5.83,-0.10,-0.51,0.106,0.056,0.000
66.761,-5.82,-0.22,-0.55,-5.82,-0.22,-0.55,0.114,0.059,0.000
66.809,-5.84,-0.20,-0.57,-5.84,-0.20,-0.57,0.119,0.059,0.000
66.838,-5.87,-0.19,-0.58,-5.87,-0.19,-0.58,0.121,0.060,0.000
66.856,-5.88,-0.18,-0.58,-5.88,-0.18,-0.58,0.122,0.059,0.000
66.875,-5.90,-0.18,-0.56,-5.90,-0.18,-0.56,0.122,0.059,0.000
66.901,-5.92,-0.15,-0.59,-5.92,-0.15,-0.59,0.123,0.059,0.000
66.965,-5.94,-0.18,-0.57,-5.94,-0.18,-0.57,0.124,0.059,0.000
66.999,-5.99,-0.22,-0.58,-5.99,-0.22,-0.58,0.123,0.059,0.000
67.028,-6.07,-0.36,-0.58,-6.07,-0.36,-0.58,0.121,0.058,0.000
67.062,-6.11,-0.40,-0.61,-6.11,-0.40,-0.61,0.118,0.056,0.000
67.114,-6.11,-0.48,-0.64,-6.11,-0.48,-0.64,0.114,0.052,0.000
67.142,-6.11,-0.49,-0.64,-6.11,-0.49,-0.64,0.115,0.052,0.000
67.159,-6.12,-0.49,-0.65,-6.12,-0.49,-0.65,0.116,0.053,0.000
67.176,-6.12,-0.51,-0.66,-6.12,-0.51,-0.66,0.119,0.053,0.000
67.207,-6.15,-0.56,-0.66,-6.15,-0.56,-0.66,0.119,0.054,0.000
67.237,-6.16,-0.58,-0.68,-6.16,-0.58,-0.68,0.121,0.056,0.000
67.270,-6.15,-0.63,-0.70,-6.15,-0.63,-0.70,0.123,0.054,0.000
67.302,-6.20,-0.95,-0.83,-6.20,-0.95,-0.83,0.118,0.050,0.000
67.334,-6.25,-1.07,-0.95,-6.25,-1.07,-0.95,0.113,0.046,0.000
67.413,-6.47,-1.60,-1.15,-6.47,-1.60,-1.15,0.102,0.045,0.000
67.449,-6.51,-1.82,-1.23,-6.51,-1.82,-1.23,0.117,0.057,0.000
67.468,-6.53,-1.87,-1.25,-6.53,-1.87,-1.25,0.122,0.062,0.000
67.482,-6.55,-1.95,-1.20,-6.55,-1.95,-1.20,0.130,0.069,0.000
67.509,-6.54,-2.20,-1.17,-6.54,-2.20,-1.17,0.140,0.077,0.000
67.542,-6.55,-2.37,-1.11,-6.55,-2.37,-1.11,0.139,0.081,0.000
67.572,-6.62,-2.40,-1.05,-6.62,-2.40,-1.05,0.122,0.069,0.000
67.605,-6.69,-2.53,-1.00,-6.69,-2.53,-1.00,0.099,0.054,0.000
67.637,-6.72,-2.56,-1.02,-6.72,-2.56,-1.02,0.078,0.043,0.000
67.674,-6.70,-2.75,-1.02,-6.70,-2.75,-1.02,0.078,0.039,0.000
67.719,-6.64,-2.88,-0.90,-6.64,-2.88,-0.90,0.078,0.039,0.000
67.749,-6.54,-2.99,-0.80,-6.54,-2.99,-0.80,0.072,0.035,0.000
67.785,-6.49,-3.10,-0.62,-6.49,-3.10,-0.62,0.073,0.035,0.000
67.814,-6.40,-3.20,-0.47,-6.40,-3.20,-0.47,0.075,0.038,0.000
67.845,-6.31,-3.31,-0.34,-6.31,-3.31,-0.34,0.084,0.042,0.000
67.881,-6.28,-3.51,-0.23,-6.28,-3.51,-0.23,0.083,0.045,0.000
67.910,-6.22,-3.50,-0.18,-6.22,-3.50,-0.18,0.077,0.042,0.000
67.943,-6.16,-3.58,-0.18,-6.16,-3.58,-0.18,0.077,0.043,0.000
67.974,-6.11,-3.74,-0.24,-6.11,-3.74,-0.24,0.081,0.046,0.000
68.021,-5.99,-3.95,-0.29,-5.99,-3.95,-0.29,0.086,0.048,0.000
68.054,-5.60,-4.29,-0.35,-5.60,-4.29,-0.35,0.085,0.049,0.000
68.087,-5.30,-4.42,-0.31,-5.30,-4.42,-0.31,0.088,0.050,0.000
68.120,-5.21,-4.39,-0.30,-5.21,-4.39,-0.30,0.089,0.052,0.000
68.150,-4.87,-4.44,-0.21,-4.87,-4.44,-0.21,0.099,0.049,0.000
68.181,-4.51,-4.53,-0.03,-4.51,-4.53,-0.03,0.107,0.054,0.000
68.214,-4.12,-4.57,0.00,-4.12,-4.57,0.00,0.109,0.063,0.000
68.247,-3.56,-4.53,-0.12,-3.56,-4.53,-0.12,0.093,0.055,0.000
68.278,-2.70,-4.20,-0.15,-2.70,-4.20,-0.15,0.079,0.046,0.000
68.326,-2.33,-4.20,-0.04,-2.33,-4.20,-0.04,0.080,0.042,0.000
68.357,-1.77,-4.12,-0.08,-1.77,-4.12,-0.08,0.082,0.041,0.000
68.389,-1.32,-3.81,-0.13,-1.32,-3.81,-0.13,0.088,0.048,0.000
68.421,-1.09,-3.61,-0.24,-1.09,-3.61,-0.24,0.089,0.047,0.000
68.455,-1.13,-3.24,-0.26,-1.13,-3.24,-0.26,0.093,0.052,0.000
68.485,-1.26,-2.80,0.08,-1.26,-2.80,0.08,0.089,0.067,0.000
68.520,-1.54,-2.72,0.37,-1.54,-2.72,0.37,0.105,0.073,0.000
68.549,-1.99,-2.38,0.39,-1.99,-2.38,0.39,0.140,0.071,0.000
68.581,-2.18,-2.25,0.28,-2.18,-2.25,0.28,0.174,0.089,0.000
68.613,-2.45,-1.92,0.15,-2.45,-1.92,0.15,0.199,0.099,0.000
68.662,-2.83,-1.60,-0.04,-2.83,-1.60,-0.04,0.221,0.128,0.000
68.694,-3.38,-1.02,-0.05,-3.38,-1.02,-0.05,0.261,0.179,0.000
68.727,-3.97,-0.72,-0.23,-3.97,-0.72,-0.23,0.290,0.187,0.000
68.757,-4.64,-0.28,-0.42,-4.64,-0.28,-0.42,0.292,0.199,0.000
68.791,-5.33,-0.40,-0.74,-5.33,-0.40,-0.74,0.308,0.211,0.000
68.822,-5.89,-0.42,-1.25,-5.89,-0.42,-1.25,0.311,0.200,0.000
68.854,-6.43,-0.47,-1.55,-6.43,-0.47,-1.55,0.283,0.216,0.000
68.886,-7.05,-1.08,-1.75,-7.05,-1.08,-1.75,0.307,0.241,0.000
68.919,-7.42,-1.56,-1.85,-7.42,-1.56,-1.85,0.310,0.223,0.000
68.965,-7.65,-2.26,-1.52,-7.65,-2.26,-1.52,0.249,0.203,0.000
